rating,date,content
4.5,2026-02-04 10:24,왜 박지훈인지 단번에 납득가는 눈빛이 지림
5.0,2026-02-04 11:35,아 ㅋㅋ 진짜 미치겠다 세조 싸움 잘함?
5.0,2026-02-04 10:41,오랜만에 극장에서 볼 만한 영화 나왔다... 진짜 꼭 보세요!!! 올해 가장 잘한 일? 왕사남 개봉하자마자 극장 가서 본 일... 믿고 보는 유해진 역시는 역시...ㅠㅠ 웃기다가 울리다가 다하는 거 ㄹㅇ 반칙임;;;; 역사책 찢고 나온 열연 미쳤고 박지훈도 그냥 단종 그 자체... 나 과몰입해서 광릉에 별점 테러하러 간다. 아무도 막지마. 연휴에 부모님 모시고 가서 또 봐야지!!!
5.0,2026-02-04 10:30,유해진 조선사람 그자체라는 짤 보고갔는데도 너무 리얼해서 깜짝놀람 ㅋㅋㅋㅋ단종역할 배우도 처음봤는데 대배우 되겠더라 넘 재밌고 슬펐음 ㅜㅜ
5.0,2026-02-04 10:43,홍위도 울고 흥도도 울고 나도 울었다
5.0,2026-02-04 12:26,이동진 평론가가 극찬했다는 이유를 알 것 같아요 2026년 올해의 영화... 갑니다~!
5.0,2026-02-04 10:51,"와 오랜만에 극장에서 볼만한 영화 나온듯배우들 연기 차력쇼 미쳤고, 보면서 눈물 콧물 다 흘림 진짜로.. 설 연휴에 부모님이랑 같이 보기 좋은 듯!!"
5.0,2026-02-04 09:48,"가족들과 한번 더 볼거에요.... 유해진 박지훈 연기 미쳤고, 웃고 우느라 속절없이 당해버림. 단종은 박지훈.."
5.0,2026-02-04 10:57,오ㅏ.. 결과를 알고봐도 좋았고 설에 부모님 모시고 또 봐야지
5.0,2026-02-04 10:50,오랜만에 사극 영화 보고 웃다가 울다가 과몰입한 영화!! 연기까지 완벽!! 설연휴 영화로 강추
5.0,2026-02-04 09:54,박지훈 눈을 봐라 단종이다
5.0,2026-02-04 14:12,유해진의 에어비앤비 (사장님이 친절하고 게스트가 미남이에요)
5.0,2026-02-04 12:08,박지훈 퍼스널컬러는 단종이였다
5.0,2026-02-04 17:18,"버석한 입술에 미소가 걸리고 텅 빈 눈에 다시 빛이 돌아올 때, 소년은 그제야 어른이 된다."
5.0,2026-02-04 12:17,단종을 나약하게만 그린 것이 아니라 왕이었다는 것을 느끼게해준 영화. 유해진 박지훈의 조합이 이렇게나 감동을 주다니 여운이 깊게 남습니다.
5.0,2026-02-04 12:41,"F는 보지 마라 진짜...잘 참았다고 생각하겠지, 그때부터 시작이다"
4.5,2026-02-04 15:11,호랑이 말고는 모든 게 좋았던 작품
4.5,2026-02-04 14:21,”다시 태어난다면 기꺼이 그대의 벗이 되리라“
5.0,2026-02-04 14:14,박지훈은 영화계 최고의 보석이다. 눈에 보석박음.. 눈만봐도 눈물..
5.0,2026-02-04 11:27,569년이 지났지만 단종은 모두가 응원하고 잊지 않을 존재로 기억되고 있네요. 세조도 무덤에서 일어나서 이 영화 보시길
5.0,2026-02-05 02:06,"꺾여졌을지언정 태생부터 적통이었던 왕의 기품은 고고하다.  박지훈 배우가 연기한 단종이 너무 아름답고 단단한 성군의 자질이라 역사 속 단종이 너무 아깝다는 생각이 든다. 금성대군에게 보내는 단종의 의지가 담긴 편지 내용이 너무 인상깊다.유해진 유지태 배우의 연륜있는 명연기와, 그와 맞붙어도 전혀 밀리지 않는 단종 역 박지훈 배우의 신선한 내공도 다 너무 박수쳐주고 싶은 영화.    오랜만에 영화관을 나서면서 깊은 생각을 하게된다.성공한 불의와 실패한 정의에 대해서. 이런 장을 만든 장항준 감독에게도 박수를."
5.0,2026-02-04 11:41,박지훈 연기…미쳤구낭
5.0,2026-02-04 14:11,박지훈의 단종이 너무너무너무 인상깊고 연기가 미쳤습니다 20대 배우중 제일 기대되는 배우그리고 유해진이 날아다닙니다 왕사남으로 큰상 많이 받으실듯
5.0,2026-02-04 10:26,마지막에 오열해버렸습니다
5.0,2026-02-04 19:36,단종은 하고 싶어서 하는 역할이 아니라 주어진 자가 할 수 있는 역할이라는데 그 주어진 자가 박지훈인게 확실하다. 향후 10년동안은 단종하면 박지훈을 떠올릴듯
5.0,2026-02-04 14:43,유해진 박지훈 두 사람 상줘라
5.0,2026-02-04 11:46,이런 사극 오랜만인데 너무 좋았습니다 ㅠㅠ 박지훈 대배우될 거 같음
5.0,2026-02-04 15:12,오늘 이후로 김은희 남편이 아닌 <왕과 사는 남자>의 감독으로 불릴것! 결과를 우리 모두 다 알고 있기에 영화에서의 결말만큼이라도 성공하기를 바랬다 ㅠㅠ
5.0,2026-02-07 19:09,"유해진 드디어 남우주연상에 오를듯,,,,마지막 클라이막스는 유해진이 아니면 살릴수없는 연기"
5.0,2026-02-04 14:40,그냥.. 보세요.. 진짜 이런 감정을 느끼게 해준 영화가 얼마만인지... 감히 올해의 영화라 할 수 있다고 봅니다
5.0,2026-02-04 11:49,진짜 미쳤다 웃다가 울다가 마지막엔 꺼이꺼이 울었음 천만 넘을거 같다
4.0,2026-02-04 16:13,유해진 유지태야 뭐 원래 잘하는거 알고있었는데 박지훈 연기 진짜 미쳤네..
3.5,2026-02-06 07:18,박지훈은 눈 하나만으로도 일 끊길 일은 없겠다 싶다
5.0,2026-02-09 07:23,"영월 광천리(광천골)가 시댁인 사람입니다.남편과 저는 단종에 대한 예의로다가 영화를 꼭 보자고 했었고 관람일기준으로 출산한지 60일째에 오전, 오후로 예매를 하고 한명씩 보고 왔습니다. 아기를 낳고 쭉 쪽잠만 자왔던 터라 보다가 잠들면 어쩌나 걱정하면서 보기시작했는데 처음부터 끝까지 한순간도 놓치지 않고 지루할 틈없이 큰재미와 감동받으며 영화를 보았습니다! 배우들 연기도 너무 좋았고 특히 유지태, 박지훈배우가 너무 좋았습니다.무엇보다 단종에 대해 재조명해 영화화해서 단종의 당시 상황을 입체적으로 표현한 부분이 좋았습니다.올해본 영화중에 1등입니다. 올해 첫 천만영화되길 바래요"
5.0,2026-02-05 09:43,"연기구멍은 호랑이 뿐, 배우들 연기가 미쳤습니다!! 그냥 엄흥도랑 단종 데려다놓은줄"
5.0,2026-02-04 11:44,"왕의 남자, 왕이 된 남자 그리고 (new) 왕과 사는 남자... 완벽한 왕의 영화 계보... 학교에서 안 했던 조선역사 공부를 이렇게 한다"
5.0,2026-02-04 13:44,"재미도 있지만, 엄마랑 둘이 광광 울었네요..박지훈님 그 눈망울이 계속 머릿속에 맴돌아요"
5.0,2026-02-05 00:34,유지태 표독 눈매 리프팅 미쳤다
5.0,2026-02-08 13:20,"""너의 상대는 나다.”청령포 절벽에 울려 퍼지는 그 포효의 순간, 폐위된 상왕 노산군의 눈빛은 마치 호랑이처럼 변해 있었다. 오달수 배우의 대사에서처럼  단순한 분노의 외침이 아니라, 백성을 향한 연민과 책임에서 비롯된 왕의 마지막 자존처럼 느껴졌다. 그의 폐위는 과연 무능 때문이었을까, 아니면 백성을 긍휼히 여기는 마음이 허락되지 않았던 시대의 비극이었을까.처음 이 영화를 보게 된 이유는 솔직히 유해진 배우에 대한 기대 때문이었다. 하지만 영화가 흐를수록 시선은 자연스럽게 ‘왕이란 무엇인가’, ‘윗사람은 어떤 눈으로 사람을 바라봐야 하는가’라는 질문으로 옮겨갔다. 진지한 서사 속에서도 유해진 배우가 연기한 엄홍도의 틈새 같은 유머는 숨 쉴 공간을 만들어주었고, 그 덕분에 영화는 무겁기만 한 비극이 아니라 사람 냄새 나는 이야기로 다가왔다.특히 인상 깊었던 장면은 마을 사람들과 함께 밥을 나누는 겸상 식사와, 백성들이 몰래 바친 조공을 다시 광천골 주민들의 몫으로 돌려주는 모습이었다. 위에서 내려다보는 권력이 아니라, 같은 자리에 앉아 온기를 나누는 윗사람의 태도. 그 장면은 자연스럽게 나 자신을 돌아보게 했다. 어른으로서, 회사의 리더로서, 나는 과연 어떤 모습으로 사람들 앞에 서 있는가를 묻지 않을 수 없었다.20여 년 전, 중학생 시절에 한 번 다녀왔던 영월의 청령포. 그때는 그저 가족여행지 중 하나였던 그 장소를, 20년이 지난 지금에서야 비로소 음미하고 곱씹게 되었다. 같은 장소였지만, 시간과 경험이 쌓인 지금에서야 그 절벽과 바람, 고독의 무게가 가슴에 닿았다.이 영화는 단순한 사극이 아니었다. 앞으로 내가 어떤 방향으로 걸어가야 하는지, 윗사람으로서 어떤 태도를 품어야 하는지를 조용히 가리켜주는 나침반 같은 작품이었다. 그래서 이 영화는 오래 남는다. 장면보다 메시지로, 감동보다 질문으로."
5.0,2026-02-04 14:41,어렸을때부터 왕으로 자란 단종의 느낌이 자연스럽게 표현되어 진짜 단종이라면 저랬을것 같았어요그리고 박지훈배우의 얼굴이한몫을 합니다유해진배우님이 말씀하신 마지막 밤씬은정말최고였습니다연출적으로 아쉬운부분은 있지만저는 또보러갈겁니다
5.0,2026-02-04 10:56,오랜만에 극장에서 본 사극이었는데 역사 찢고 나온 배우들의 열연이 정말 최고! 휴지 꼭 잊지 말고 챙겨가길!
3.0,2026-02-15 23:05,"역대 사극 흥행작(왕의 남자, 광해 왕이 된 남자, 관상 등)에 비해 훨씬 떨어지지만 편하게 볼 가족영화로는 나쁘지 않음.엄청난 영화, 명작 소리 들을 그정돈 아닌데 개인적으로 평점들이 좀 오바하고 과한 경향이 있다고 생각이 듦."
2.5,2026-02-16 22:17,빈약한 서사 허술한 각본 엉성한 연출  감동적인 연기
0.5,2026-04-24 01:34,"이게 천만 영화라고?? 우리나라 사람들 수준이 이것밖에 안되나.. 엉성한 스토리 연계, 엉성한 연출, 편집포인트가 드러나는 이상한 화면전환, 비중낮은 인물의 쓸데없는 긴시간 노출, 억지웃음 포인트, 어설픈 호랑이 CG, 한명회를 알면 이미 스토리가 예상되어 긴장감이나 몰입감 전혀없음, 천민이 왕의 팔뚝을 잡는 장면이나 그걸 멱살을 잡았었니 팔을 잡았었니 하는 시대를 반영하지않는 어설픈 설정… 언제부터 재밌지하고 인내심을 가지고 봐야할 수준인데 이게 천만이라니… 기가 차고 코가 막힐 일 ㅋㅋ 관람평들 개웃김"
1.0,2026-04-30 23:34,이게 왜 천만이지???
5.0,2026-02-04 10:18,"호감 배우들의 연기파티에 실화의 묵직함까지, 항주니 감독님의 최고의 영화가 될듯.."
5.0,2026-02-04 17:19,극장에서 이렇게 사람들과 웃고 울고 한 게 갑자기 오랜만이라는 생각이 들어서 그것만으로 왠지 뭉클했다.. 같이 울고 막 같이 우니까 그 관에 있던 사람들이 다 착하고 좋은 이웃들처럼 느껴짐.. 영화를 한 공간에서 보면서 동시에 서로 같은 마음을 느낀다는 게. 울 때 웃을 때 다 드러나니까  그랬던 것 같다. 이상하게 오래 기억이 날 것 같은 순간을 선물해 준 영화. 극장에서 보길 잘했다.
5.0,2026-02-04 15:34,연기들을 얼마나 잘하던지.. 장항준 감독님 리바운드때 흥행 실패로 우셨다 하셨는데 이번엔 다른 의미로 우시겠어요 영화 감명 깊게 잘봤습니다 다음 작품 기다리겠습니다
3.0,2026-02-16 17:46,별점이 이렇게  다들 10점줄만큼 좋은영화인가요? 진심궁금합니다
5.0,2026-02-04 13:25,유해진 연기야 말할 것도 없는데 단종배우가 진짜.. 단종같음...감동적이고 재미있음!
5.0,2026-02-04 11:42,유해진 박지훈 배우의 연기합이 매우 좋았습니다. 재밌게 잘봤어요
5.0,2026-02-04 14:52,불쌍한 왕이라고만 생각했는데 영화를 보고나니 어쩐지 미안한 마음이 들었다. 박지훈의 재발견!
3.0,2026-02-12 11:24,"좋은 소재와 좋은 배우들의 연기력에 비해 낮은수준의 연출력이 아쉬움. 장이수와 참바다는 중복캐스팅, 과다한 애드립을 통제못하는 감독, 잦은 스토리의 끊김과 개연성 없는장면들.. 단종역은 별10개"
3.0,2026-02-19 11:10,"소신 발언할게요. 캐스팅 좋고 소재도 신선하며, 배우들 연기가 정말 좋았습니다만 이야기를 끌어가는 역량이 많이 부족합니다.. 아무리 모두가 다 아는 역사라지만 서사가 너무 얼렁뚱땅이었어요. 아쉬움이 남는 영화였습니다."
5.0,2026-02-04 10:29,"간만에 진짜 재밌게 본 사극 영화라 모두가 봐주면 좋겠는 영화,, 엄흥도랑 이홍위가 행복한 세계도 있겠죠ㅠㅜ?"
3.5,2026-02-05 09:48,가족과 보기 좋은 영화. 호랑이 cg가 너무 허접해서 아쉬움. 출연진들의 뛰어난 연기에 비해 연출이 너무 무난한게 아쉬움.
5.0,2026-02-04 19:45,박지훈 단종대왕 대상 줘라
3.0,2026-02-09 23:40,배우들의 연기는 최고지만 연출과 편집이 뭔가 싶다.
1.0,2026-04-30 23:02,역사적사실도 너무다르고 보면서 도통재미부분을 못느끼겠습니다.유치하기고하고 스토리가 개연성이너무 없다란생각만 했습니다.나중에다시보면 다를까싶지만 지금감상평은 대하드라마가 더 재밌는 수준입니다.
5.0,2026-02-04 14:09,"알고있는 역사이야기.그래서 더 사무친 내맘ㅠ연기들을 왜이리 잘하셔서 ㅠㅠ 진짜 눈동자에 뭘 바르신거예요? 끼신거예요?와... 태산역할분은 신인(?)이신거 같은데,그분도 연기 잘 하시더라구요."
0.5,2026-03-08 19:22,"천만 찍었다고 해서 되게 기대하고 보러 갔는데, 그냥 감초배우들 애드립으로 범벅된 신파극 느낌. 주인공들 감정선을 도저히 따라갈 수 없는 빠른 전개가 매우매우 아쉬움. 2-3시간 짜리 영화라 어쩔 수 없다고 하기엔 다른 천만 영화들은,, 단종은 유배오고 내내 우울해하고 단식하다가 뜬금없이 웃더니 마을 사람들하고 어울리기 시작하며, 딱히 서사가 없었던 것 같은데 엄흥도는 단종에게 충성을 다하며.. 이해 안가는 지점이 넘 많았음. 아 유지태 나올때 번개 치는 장면, 집결지에서 만났는데 유지태 나오니까 갑자기 비오는 장면은 진짜 .. 연출 개구리다 싶었음. 연출 구린 장면 되게 많았지만 그 중 최고봉은 호랑이 씬 ㅋㅋ 어설프기 짝이 없는 cg를 써가면서까지 단종의 위엄있는? 모습을 보여줄 수밖에 없었나 싶었음.. 마지막 장면에서 엄흥도가 자기가 해결하겠다며 씩씩거리고 나가는데 포졸들 아무도 안말리는것도 이상하고. 걍 처음부터 끝까지 엥?으엥?엥? 스러운 장면이 너무 많아서 몰입도 완전 떨어지고 하품만 남. 이 영화가 천만영화라니… 진짜 대국민 몰카당하는 기분이었음…. 우이씨 내돈"
0.5,2026-03-07 23:57,"세상이 구라치는 것 같음. 연출이 너무 구려서 내내 인상 쓰면서 봄. 개연성은 단종 밥이랑 같이 저기 어디 내다버렸고, 억지 눈물 짜내기에 급급함. 천둥번개, 호랑이, 비, 전투씬 그 어느 것 하나 퀄리티를 찾아볼 수 없음. (그리고 그 연출들이 이 영화에 꼭 필요하지 않은 부분들이라는 게 문제임. 호랑이, 비 전부 안 넣어도 될 부분들인데 왜 굳이..? 이 생각만 듦.)금성대군의 그 허술한 전투 하며, 마지막에 단종 죽을 때 유해진이 하는 행동들 하며 ㅋㅋㅋㅋ 갑자기 유해진 나오니까 옆에 관군들 다 비켜줌.. 어이가 없어서 인상 쓰다가 웃음이 나옴."
5.0,2026-02-04 13:37,"유해진 익살스럽게 연기 잘 하네요. 박지훈은 자기 얼굴에 맞는 배역을 정말 잘 고른 듯... 약한 영웅 때도 놀랐지만 연기력도 한층 물오는 느낌. 감초 역할 배우들도 다 유명한 분들이라 영화가 더 살았다고 생각.. 전반적으로 기승전결 짜임새가 좋고, 웃기다가 울리다가, 마지막에 진한 여운으로 끝나는 느낌 영화 보고 우는 사람 많을 것 같네요."
1.0,2026-04-05 09:38,그 있잖아 줄서서 먹는 맛집에 갔는데 도대체 왜 이걸 맛있다고 하는지 모르겠다 생각했던 기억. 그거 비슷함 한 300만쯤 봤다고 하면 이해 했을듯.
5.0,2026-02-06 08:04,박지훈이 내 맘속에 저장 하던 사람이라고!???놀랍다... 연기 ㄱ잘함
5.0,2026-02-04 14:06,결혼이후 처음 울 남편 눈물을 보았다!!!!영월 꼭 가봐야지.배우 캐스팅 완벽!
5.0,2026-02-04 11:20,와 진짜 ㅈㄴ재밋음.. ㅠㅠ
5.0,2026-02-06 18:53,단종은 당시 16-17세에 불과한 어린 청년이었다 아무리 적장손 적장자 왕족으로서 짐을 지고 자라왔을지라도 소년은 소년일뿐... 이 사실을 생각하며 영화를 본다면 특정 씬들은 단종을 연기한 배우에게 더 측은한 마음이 들게한다.. 자신의 인생을 선택할 수 없었던 안타까운 한 어린 소년이 잠깐이나마 웃을수 있었던 시간들이라고 생각하면 허구의 이야기일지라도 마음에 위안이 된다... 연출이니 CG의 퀄리티를 논할수 없는 마음아픈 영화였다..
5.0,2026-02-04 11:49,태종태세문단세의 단종... 국사책에서나 보던 이름이 이렇게 나를 미치게 할 줄 몰랐음 ... 단종 사랑해... 단종 행복해... 단종 미안해... ㅠㅠㅠ 오늘부터 한국사 공부하러간다
5.0,2026-02-04 13:55,와.... 배우들 연기뭐에요? 정말 오랜만에 볼만한 전통사극 한편 나온듯요
0.5,2026-04-20 21:28,이거 별 5개 준사람들은 알바냐? 아무리 역사 기반이라지만 스토리 개연성 1도 없고 억지웃음 포인트에 한명회는 무슨 동에번쩍 서에번쩍 헬기타고다녀도 저정도로는 못다닐듯 비추누르는 사람들 니들이 이런 수준의 영화를 빨아주니 우리나라 영화가 발전이 없이 오히려 퇴보하는거다.
5.0,2026-02-04 14:06,간만에 미쳤음 박지훈 잘생긴거알았는데 연기도 잘함 저런왕이면 난 무조건 응원함 유해진은 진짜 저런 백성있었을거같음 설날에 꼭 봐야겟는데 ㅋㅋ간만에 영화같은 영화 본거같늠
3.0,2026-02-17 21:46,전반적인 연출이 좀 촌스럽긴함
5.0,2026-02-07 19:58,단종께서 박지훈배우로 환생해서 살아가고 있는거라고 믿고싶을 정도
5.0,2026-02-04 10:16,배우 연기가 정말 대단했습니다!여운이 남네요연휴때 가족들과 한번 더 보려고 합니다
5.0,2026-02-04 18:32,호랑이 cg는 너무티나서 긴장감은 없었음.. 감독이 노린거임?박지훈은 나오는 모든장면이 그냥 아름다웠음
3.0,2026-02-10 19:17,배우들 연기가 구린 연출을 구제함
5.0,2026-02-06 20:29,유해진이 작두타고 유지태가 호령하고 박지훈의 눈빛으로 완성되는 거장 등극 직전 감독 장항준의 역작.
2.0,2026-02-15 22:40,소재 10. 연기 8.  연출 1. 호랑이 CG  0 (수사대상).
4.5,2026-02-09 21:21,"아쉬운 연출을 채워주는 박지훈의 눈빛, 유해진의 김치찌개. 홍위의 텅 빈 눈이 백성들의 사랑과 지지 속에 범의 눈이 되는 걸 지켜보면서, 이변없이 집권했다면 이런 성군이 되었겠구나, 비극으로 얼룩진 그의 삶에 색채가 덧입혀지는 느낌이다. 수염도 안 난 어린 것이 왔다며 한탄하던 흥도가 점점 홍위를 제 임금으로 모시게 되고, 아들처럼 품게 되고, 끝에는 나까지 흥도로 만든다. 저 어린 것이..."
5.0,2026-02-09 01:58,"아.. 전생에 단종 측근이었나.. 후반부에 질질 오열함. 진짜 감동 미침(positive) . 뭐 연출 어쩌구 하는데 나는 딱 좋앗음. 너무 관계성을 딥하게 끌지도 않고 적당하게 잘 한듯?? cg도 솔직히 그게 머 다 거기서 거기지 뭘 너무 가짜같네 마네;; 진짜 호랭이를 데리고 오지않는 이상,,, 암튼 난 완전 대만족!! 캐스팅이 정말 기가 막힘 개굿."
0.5,2026-04-10 10:23,"연기는 좋았음. 하지만 억지 감동 쥐어짜기, 어설픈 연출, 과도한 애드립으로 보다가 너무 재미없고 지루함. 100만까지 갈 영화도 아님. 국뽕, 몰아주기, 물타기, 경쟁할 영화가 없는 타이밍빨 영향이 매우 큼.광해, 관상, 왕의 남자 등 다른 사극 영화들이 100배 훨씬 나음."
3.0,2026-02-04 15:40,항준이형 드디어 해냈구나
1.0,2026-03-06 11:18,천만천만  부추기니까  궁금해서 보게되서 천만이 된거같음 너무 허접함
5.0,2026-02-07 03:00,연기차력쇼라는 말 오글거리는 것 같아서 안 좋아했는데 이 영화는 그 말 백 번은 해야 직성이 풀릴 것 같다 정말 놀랐던건 박지훈이 그 대배우들한테 밀리기 않는걸 넘어 팽팽한 텐션을 이어간다는것임
0.5,2026-04-06 16:41,운 좋게 뜬 영화. 절대 100만 이상 갈 레벨은 아님
0.5,2026-04-17 11:58,"주위의 천만,천만에 속았음..수준이 정말 극도로 낮은 연출력과 시나리오에서 유해진의 불사지르는 연기력으로 조금 커버된 영화..진심 돈아까움.."
5.0,2026-02-04 10:25,웃다가 엉엉 울어버렸네요. 오랜만에 이렇게 재미있고 의미있는 한영본듯. 설날에 가족들과 다시 볼래요
5.0,2026-02-08 17:13,박지훈은 찾아보니 상업영화로는 첫작품이라는데 유해진과 유지태라는 대선배님들 사이에서 전혀 밀리지 않아서 놀랐어요 얼굴도 너무 왕족이심 그냥 단종 환생이심 너무 슬퍼요 홍위야 이번 생에는 행복해라ㅠㅠ... 배우님들 연기가 역대급입니다. 그런 영화가 오랜만에 나왔어요. 유해진은 원래 잘하는걸 알지만 더 잘합니다 천상계를 뚫었어요. 유지태는 너무너무 무서워요 풍채도 목소리도 눈도 한명회 똥먹어 나쁜놈아ㅠㅠ 전미도 미도링님 너무 절절합니다 표정연기도 일품이세요 그렇게 모든 배우님들이 완벽하게 돌아가신 단종대왕의 슬픔을 위로해주시는 듯한 .. 역사가 지우려던 그 분을 다시 조명할 수 있는 그런 영화입니다. 슬프기만한건 아니고 아주 웃긴 장면은 빵빵 터집니다. 후반부로 갈수록 우리 모두가 아는 그 끝을 향해 가는데 두루마리 휴지와 손수건을 꼭 챙겨가시기 바랍니다. 그리고 이런 배우님들은 모아 연기 감독을 하고 연출하신 장항준 감독님을 다시 보게 된 기회가 되었습니다. 좋은 영화에요. 여러번 보고 싶습니다.
5.0,2026-02-04 14:11,유쾌하게 시작했다가 엄청난 여운으로 끝나는 영화ㅠㅠ오랜만에 웰메이드 사극이라 꼭 극장가서 보는 거 추천합니다!
5.0,2026-02-04 11:59,와 정말 오랜만에 사극 재밌게 찍었네ㅋㅋㅋ 박지훈 연기 잘함
5.0,2026-02-04 11:33,오랜만에 극장에서 울고 웃었다. 과몰입해서 봤더니 여운이 길게 남는.. 설연휴 흥행작 나온듯
2.0,2026-03-14 12:44,냉정히말해서 역대 천만 사극영화들은 하나부터 열까지 완벽한 명작이었는데 이작품은 명작이란 소리엔 절대 동의못하겠음
5.0,2026-02-04 14:29,홍위야 거기선 행복해야돼ㅜㅜ 박지훈 배우 눈이 넘 슬퍼요... 씬스틸러 막동이도 넘 귀여움
4.0,2026-02-04 14:54,연기로 차력쇼하는 느낌
2.0,2026-03-03 13:44,글쎄요… 마지막 장면을 위한 영화로 보영요. 저는 슬프지 않았어요. 극중 유해진님과 박지훈님 사이에 그정도로 끈끈한 유대가 생기는 이유가 납득이 안돼요. 연기력으로 슬픈장면 만들어 내는 느낌. 그리고 각 인물들과 박지훈님과의 관계도 그냥 ‘아 엄청 친해졌어 그냥 그렇게 알아’ 이런식의 느낌. 아직 천만은 아니지만 다른 천만영화와 비교했을때 정말 뒤떨어지는 연출인듯.
5.0,2026-02-07 19:51,박지훈 (단종)이 한명회 네이놈~~ 할떄 지렸다 진짜...
5.0,2026-02-05 01:04,박지훈 눈빛연기는 최고 유해진은 역시 믿고 보는 배우 유지태의 한명회는 새로웠다 올해는 박지훈의 해가 될 꺼 같다
3.0,2026-02-16 11:58,진짜 연기가 살린 영화.   억지 연출 +  억지 신파.    뜬금 호랭이….. 쩝.  ( 그러나.  단종과  유해진의 연기는 최고였음. 특히 해진이형.  연기가 물 올랐음). 추천을 한다면 유해진 연기를 추천하고 싶음
0.5,2026-03-28 09:52,"와 너무 기대를 하고봤나 천만영화 관객수도 조작이 가능한가 거의 끝물기간에 천만영화 천만영화 하길래 궁금해서 봤는데 그저그런 영화였다 휴민트도 곱절 났던데 차라리 휴민트를볼걸 그랬나 싶다 배우들 연기력은 좋았으나 줄거리도 내용도 없는 영화 안궁금해해도 되는 영화라 내용 정리 짧게 들어갑니다잇 역모를 일으킨 자들로 인하여 왕이 좌천되어 유배를감 그 유배지에서의 사람들과의 친목도모 그리고 갑자기 AI현대화시대에 개봉한 영화가 맞나 싶을정도의 조잡하고 어색한 호랑이 한마리 등장 호랑이 말 많아서 봤는데 보고나서 고개를 끄덕끄덕ㅋㅋ 옛날에 나온 영화 라이프오브 파이에 나오는 호랑이보다 퀼리티 너무떨어져서 어이가..10년전 호랑이 보다 못한 호랑이 한마리 암튼 유배되서 온 왕이 자살할려고 시도 하다가 어찌저찌 구해 마을사람들과 도와주는 백성들로 인해 힘을얻고 내부세력과 군사를모아 다시 반란을 일으켜 원래 자리를 되찾으려함 그러나 반란실패 역모를 일으킨죄로 사약대령 했으나 사약먹고 죽기 싫다고해  OO의 손으로 강건너는걸 도와줌 너무 내용이 없어서 시계만 뜸뜸이 봤는데 한시간 지났을쯤에 와 진짜 나갈까 하다가 그래도 천만관객인데 뒤에가면 재밌어지고 디테일한 부분들이 있을까 싶어봤는데 그런거 없었다 이게 왜 관객이 많은지 싶은 영화임 내돈내산 보고나서 너무 어이가 없어서 길게 끄적여봄 영화관가서 굳이 돈주고 보시지 마시고 그래도 정 궁금하신분들은 모바일로 싸게 다운받아서 보세용 티켓값이 아까운 영화 팝콘만 맛있게 먹었다 이게 호평 받을 영화가 아닌데 재밌다는 사람들ㅋㅋ 두번보라는 사람들ㅋㅋ 능지처참인가 지능경계선인가보네 님들 많이보세요 이정도 호평줄정도면 관상정도는 기대했는데 기대한 내가 바보였다.. 진짜 현대사회인데 옛날영화만도 못하다 10년도 넘은영화 국제시장,관상,왕의남자만도 못한 영화 초딩때본 20년넘은 왕의남자가 휠씬 재밌다 제글에 공감수가 많아지니 전체글 안보이게 삭제하네요 공감수천개 넘었는데 삭제하고 복붙해서 다시 올립니다 공감수가 왜 많았는지는 생각해보시길"
5.0,2026-02-04 15:39,아 재밌는데 가슴이 북북찢어지네요… 단종이 잘생겨서일까요…
0.5,2026-03-09 04:04,"천만 관객은 물타기, 평점은 우리나라 사람들 영화 보는 수준이 낮은게 아니면 사기. 특히 요즘 컴퓨터 그래픽 기술로 이렇게 허접하기 짝이 없는 호랑이씬은 손발이 오그라들만큼 충격적."
1.0,2026-03-09 01:33,이게왜천만이지;;;
0.5,2026-04-05 21:56,속았다..  내 시간..
5.0,2026-02-04 10:37,오랜만에 본 사극 진짜 만족스러웠다
3.0,2026-03-05 19:09,"솔~~~직히 천만영화 정도의 웰메이드는 아님. 그만큼 요즘 한국영화들이 경쟁력이 없다는 거겠지.. 배우연기력에 의존도가 너무 높음. 편집, 연출은 그리 뛰어나지 않음. 그냥저냥 나중에 OCN같은데서 해주면 자주 볼듯함."
5.0,2026-02-09 11:49,어린 왕 캐스팅 신의한수. 전미도 배우님도
5.0,2026-02-10 21:51,"올해 울 거 영화보면서 다 울었네요.. 왜 장항준 감독님이 박지훈한테 '단종은 너여야만 한다'라고 한 지 알겠음. 실제 단종이 저랬겠다 싶고. 단종보다 더 단종같고, 단종의 환생같고.. 눈빛이 세상을 포기한 눈빛에서 왕의 눈빛이 됐을 때 온몸에 소름이 돋았어요. 백성들과 잘 지내는 것에서 세종대왕의 후손임을 느꼈구요 (그걸 느끼게 할 만큼 박지훈 연기는 진짜 대배우임) 박지훈에게 단종을 맡긴 장항준 감독님 진짜... 감사합니다... 모든 사람에게 역할이 있고 서사가 있다.. 15키로를 감량해서 단종을 보여주고, 단종이 실제로 이랬겠구나 싶게 만든 박지훈은... 천재다.. 아이돌이었다는게 믿기지가 않아요 그냥 천생 배우임... 박지훈씨 사극 많이 해주세요 당신의 퍼컬은 사극입니다. 엄청나게 울었어요. 박지훈의 눈빛이 마음에서 사라지지를 않네요... 박지훈은 대배우가 될 게 확실한 정도가 아니예요 왕사남에서의 박지훈은 대배우예요.. 그리고 눈빛과 표정만으로 모든걸 보여준 유모 전미도와 단종의 마지막 동료로서 말못할 감동을 준 엄홍도 유해진과 꼭... 관리가 되었기를 바라는 태산이... 영화 시작할 때 분위기를 확 풀어준 안재홍과... 그리고 단종을 위해 나라의 옳은 길을 위해 최선을 다한 충신중의 충신 금성대군의 이준혁, 짧았지만 나라와 정의를 위한 사육신의 모습까지.. 장항준 감독님 이런 미친(positive) 영화를 주셔서 정말 감사합니다. 제 안에 단종 박지훈은 영원히 살아있을 것 같아요. 단종보다 더 단종같고, 죽은 단종의 영혼이 접신했나 싶을만큼 박지훈의 단종은 완벽했어요. +수양대군의 반역을 성공시킨 모든 자들은 불지옥에서 영원히 불타기를. 내가 무교고 사후세계도 안믿지만, 이들의 사후가 불지옥이길 바라는 차원에서는 믿는다."
1.0,2026-04-03 16:46,이게 왜 흥행 했을까내 시간..하
0.5,2026-04-04 23:07,오랜만에 중간에 나가고 싶던 영화.. 배우들이 캐리했지만 각본 좀 제발.. 오글거려서 에휴
3.0,2026-03-06 11:49,연기자들의 연기는 훌륭했으나 스토리가 개연성있지않고 뚝뚝끊기는 느낌이었음
5.0,2026-02-04 12:52,앞으로 나에게 단종은 박지훈이다.. 약영 때부터 알아봤지만 진짜 그 눈빛...ㅜㅜ 굉장히 오랜만에 사극을 극장에서 본 거 같은데 아빠랑 N차 해야지ㅜㅜ
0.5,2026-03-01 00:09,솔직히 너무 과대평가 됐다...
2.0,2026-03-15 22:29,명작이라 하기엔 모자란 영화.유행따라 우르르..
1.0,2026-03-17 23:17,천만은 솔직히 아님...
1.0,2026-03-12 09:28,뉴스고 인스타고 온나라가 떠들썩하길래 보고왔습니다. 솔직히 왜 유명해진거지 이해가 좀 안되네요.개연성도 없고 어떠한 과정이나 동기로 인해 등장인물들의 감정변화가 있는지에 대한 내용도 표현도 아쉽고 연출자체가 매끄럽지 못하고 뮤비 처럼 뚝뚝 끊어지는 느낌이었습니다. 장항준 감독 좋아하지만 이건 좀... 역시 인생은 타이밍인가봐요.실망하신분들 리바운드가 백배 재밌습니다.차라리 리바운드를 보세요감상포인트가 없는데 왜고르란거야
2.5,2026-04-27 22:43,그날의 애통이 메아리쳐 오늘로 왔을 뿐 영화의 감정선은 이해할 수가 없다
3.0,2026-03-02 15:18,"엉망인 스토리텔링과 구멍 투성이의 연출을, 배우분들의 열연으로 메우는 배우 하드캐리형 영화. 이렇게 준비할 거라면 감독은 다시는 사극 영화를 제작하지 않길 바랄 뿐이다. 1. 일단, 영화의 메시지는 대체 뭘까? 2시간 내내 무얼 말하는지 모르겠으나, 한 가지는 확실하다. 감독은 역사적 인물 '단종'에 별 관심이 없다. 그저 영화적 배경에 가깝고, 이 인물의 고뇌와 심경을 직접 비춰보이는 게 아닌 겉핥기식으로 풀어간다. (첫 장면에서, 아끼는 신하들이 하나씩 죽임당하며 의존할 데 없단 상황을 보여주질 않는다. 역사 내용 조금만 찾아봐도, 왕비와의 생이별과 의존하던 고참 신하들의 죽음 등 단종의 심정을 느끼게 만들 요소는 많았다. 하지만 감독이 선택한 건 누군지도 모를 신하들 다수를 동시 고문하는 장면 뿐이었다.)2. 심각했다 갑자기 가벼웠다 어느 장단에 맞춰야할지 모를 산만한 분위기 전환. 연출문제일까 각본문제일까. 시종일관 흐름은 난잡하고, 딱히 기억에 남을 만한 장면이 없다. 장면이나 연출은 깊은 의미 없이 1차원적이고, 단종의 악몽 장면은 기괴하고 흉측하고 불쾌했다.3. 핍진성과 개연성이 없다. 학문과 거리가 있는 조선시대 청룡포 이장이 '확률을 뚫고'라는 말을 하는 등 현실성 떨어지는 대사 구성들. 조선 배경의 사극인지 현대극인지 분별하기 힘들 수준. 또한, 막바지에 단종 일행이 도주할 때, 한명회 일당은 한참 뒤쳐졌음에도 갑자기 앞길에 딱 나타나며 땀 한방울 안 흘리는 것도 참 의아스러웠다.허술한 영화가 고평가를 받고 있는 느낌이다. 물론, 제작에 참여한 모든 분들의 고생을 폄하하려는게 아니다. 감독의 철저한 역량 부족을 말하는 것이다. 이 영화는 관객수 최소 1,200만명 이상 가겠지만, 천만 기록을 세웠을 때 다른 제작자들이 이 영화를 '성공'의 척도로 삼아 비슷한 게 양산될 것이 걱정된다. 따라서, 한국영화의 미래를 위해서라도 이 영화는 유해진님과 박지훈님의 열연보다 제작의 퀄리티 면에서 제대로 평가가 필요하다."
3.5,2026-03-28 22:08,이 영화가 어떻게 1500만이 넘죠?
5.0,2026-02-07 17:21,단종 연기한 배우 몰입감 엄청나네
5.0,2026-02-07 05:51,이 영화를 보는 117분 동안은 나도 이홍위의 삶을 잠시나마 함께 한 것 같았다.
5.0,2026-02-04 13:56,연기 미쳤고 음악 미쳤고... 왕사남 보고 나왔더니 사극 뽐뿌온다
3.5,2026-02-17 22:54,소문난 잔치에 먹을 것 없다고 기대를 너무 했나? 생각보단 별로 감동적이지 않았다. 박지훈 배우의 발견이 유일한 수확
2.0,2026-04-19 19:00,"제목을 왕과 사는 남자가 아니고, 유배지 배달의 민족으로 바꾸는게 더 공감될듯.. 왜 왕과 사는 남자인지 마지막 ppt2 장 나올때까지 전혀 몰랐음.뻔한 역사적 사실에 주인공 억지로 끼운 느낌..그냥 썸네일처럼 궁녀 매화를 소재로 왕과사는여자가 더 공감됐을듯... 왕과 사는 배민보단 나음.."
2.0,2026-04-04 22:34,"천만영화라 기대하고 봤는데 생각보다 별로였습니다. 스토리가 전반적으로 설득력이 부족하고 개연성이 떨어지는 부분들이 느껴졌고, 결말도 전혀 공감되지 않아서 뭐지? 스러웠습니다. 다만 배우들의 연기는 좋았습니다~"
1.0,2026-03-10 12:07,왜 연출이 별로라고 했는지 알게 됨. 이런 영화가 천만이 넘어도 되나 싶음. 좋은 배우들로 이정도의 연출이라니... 정말 별점 하나도 아까운 영화...
5.0,2026-02-14 21:22,박지훈 눈빛에 백만점드려요
5.0,2026-02-07 20:48,영화가 끝난 뒤에도 잊혀지지 않는 단종의 눈빛....
5.0,2026-02-04 14:09,역사가 스포라서 조금 슬펐네요 다들 연기 어쩜 그리 잘하시는지 같이 울고 웃다가 끝났어요 감동적이었어요 설연휴 시부모님 예매해드리려고요 재밌게 잘 보고 오실것같아요 재밌게 잘봤어요
2.0,2026-03-14 15:12,"유해진이 끌고 가는 영화, 그 이상 그이하도 아님. 전반적으로 영화가 붕떠있고 캐릭터들간의 개연성이 부족하고 설명도 잘 안됨. 그 좋은 연기자들과 좋은 소재를 가지고 고작 이런 영화라니, 너무나 성의 없는 음식을 내놓은 느낌이었음.cg도 그렇게 엉성할 거였으면 애초에 사용하지 않았어야함. 관객들의 몰입을 직접 깨다니..그 의도를 이해할 수 없을 뿐더러 90년대 영화에서나 나올법한 사약먹고 죽는 씬을 사용하고 비오는 장면 또한 너무 인위적임.. 감독이 대체 관객을 위해 고민을 하긴 했을까? 그냥 마지막 신파를 위해 영화를 만들었다고 밖에 안느껴짐.. 이런 저급 영화가 천만이라니 그저 박지훈 효과가 아닐까싶어 너무 안타까움..."
5.0,2026-02-04 15:21,오랜만에 너무 좋은 영화를 봤어요 진짜 믿고보는 유혜진. 너무 감동이고. 배아프게 웃다가. 또 울다가 .. 집 와보니 눈이 퉁퉁 부어있네요 단종. 너무 마음이 아파. 슬프고 애잔하고 마음이 막막해지네요 눈이 사슴눈이라 더 슬퍼ㅜ집에왔는데도 여운이ㅡ너무 길게ㅜ남아요두번 세번 봐도 눈물나고 슬플것같아 너무 좋은영화였어요
5.0,2026-02-04 12:11,"왕과 상민이라는 계급을 뛰어넘은 우정을 따뜻하게 그려낸 영화에요. 유해진 배우의 감칠맛 나는 연기와 유머러스함 덕분에 웃음이 나오다가도, 후반부로 갈수록 감정이 깊어져 주변에서 우시는 분들도 많이 보였습니다. 단순한 역사 영화가 아니라 사람 사이의 진짜 우정과 신뢰를 느끼게 해준, 오래 여운이 남는 작품이었습니다."
3.5,2026-02-21 22:28,"광해, 관상이 정말 잘만든 사극영화구나 하는 생각이 들었음"
5.0,2026-02-06 08:37,처연한 단종의 표정이 압권
5.0,2026-02-04 13:26,실현되지 못한 정의의 이면을 보다
3.0,2026-03-15 23:54,"이미 아는 역사 이지만 천만 넘었다길래 궁금해서 보고왔슴다….소신발언 하겠슴다. 천만 찍을정도의 퀄리티 아닙니다. 유해진님 박지훈님 연기 잘하시고 눈물샘 자극합니다 킹정입니다만, 스토리 솔직히 빈약합니다"
3.5,2026-02-14 21:32,유해진은 예상했는데 박지훈의 연기는 빙의 수준이었다
4.0,2026-02-04 09:24,영화 잘봤습니다 영화 잘봤습니다
0.5,2026-04-11 11:47,가만보면 뇌구조가 단순한 사람들이 이영화 재밌었다고 하드라 정해진 역사틀 그안에 짜임새만 넣으면 되는 시나리오를 이렇게 망칠수가 있나 배우들 연기력 없었으면 10만도 못갔다
5.0,2026-02-04 13:40,"결말을 알고 가도 눈물이 나고, 가슴을 뜨겁게 만드는 영화. 여운이 길게 남는, 감히 올해 최고의 영화라고 칭할 수 있는 영화!!"
0.5,2026-03-29 03:19,관계의 감정선이 공감 안 되며 배우들이 없는 내용 끌고가는 영화
2.0,2026-04-07 22:56,12세용 영화. 댓글 알바들 있나 진짜 보면서 욕했음
5.0,2026-02-04 11:51,두 배우가 밀고 당기는 구도가 기승전결을 이뤄요
5.0,2026-02-04 20:46,그대 부디 그곳에선 평안하기를…2시간 동안 영월에 함께 있던 기분
5.0,2026-02-04 13:03,오랜만에 극장에서 몰입하면서 봤음...ㅠ박지훈 연기 너무 잘하고 유해진은 말해 뭐해... 초반에는 막 웃겼다가 뒤에 가서는 개큰 감동..이렇게 찐 감동 받은게 얼마만인지ㅠ 명절에 가족들이랑 다 같이 보세요 개추!
3.0,2026-03-09 08:38,하 연출이 아쉽다.. 너무 내용 알맹이가 없고 개연성없고 계속 눈물만 나게 만드려고 만든 영화같음
2.0,2026-03-29 16:10,몰입불가한 황당한 연출들과 억지신파 그리고 정극과 희극 파트가 모두 삼류.. 관상이 정말 잘 만든 팩션 영화임을 다시 깨달음
5.0,2026-02-06 17:06,유해진은 뭐 말해뭐해 자신이 가장 잘하는 연기를 잘 보여줌박지훈은 기대를 안했는데 완전 박지훈의 재발견 단종 그자체였음마을사람들의 연기도 일품이었다 마지막씬에서는 눈물콧물 다쏟음ㅠㅠㅠ유지태 진심 개무서움 간신배같은 한명회만 보다가 이렇게 무서운 한명회는 처음봄 온가족이 봐도 좋을 영화 설날에 부모님데리고 또보러 가야지
5.0,2026-02-05 20:59,박지훈 배우.. 눈빛 어케 그래요..? 유해진 유지태 배우 연기야 말할 것도 없고 ㅠㅠ 간만에 영화관 갔는데 후회 없었어요.. 막판에 다들 훌쩍 훌쩍
0.5,2026-03-26 23:42,"천만영화여서 보고 왔는데, 기대가 너무 컷던걸까 다른 천만 영화에 비해 아쉬움. 평점과 관객수 거품인듯."
0.5,2026-03-08 06:49,꽤나 실망스러웠습니다 천만 달성한 작품 빼놓지 않고 모두 보았는데 조잡하다는 느낌은 이번이 처음이네요. 원하는 장면이나 감정선을 만들어내려고 시대적 상황에 맞지 않는 대사나 상황이 자꾸 연출되니 몰입이 안되고.. 좋은 스토리 소재를 이렇게까지 못 풀어내나싶었습니다.  호랑이 장면에선 CG가 이정도로 티나는 영화는 오랜만이라  난감했네요;;
3.5,2026-02-07 18:57,유해진을 대체할 배우는 없다
5.0,2026-02-04 12:22,너무 기대돼서 조조에 보고왔는데 진짜 너무 재밌습니다 박지훈 연기력 정말 미쳤습니다 설날에 부모님 모시고 또 봐야겠습니다!
0.5,2026-03-29 00:11,평론가들까지 싹다한통속이다
5.0,2026-02-05 21:37,박지훈 너무너무 청초하고 연기도 훌륭했습니다. 눈빛이랑 호통치는 장면 계속 생각나요. 슬프지만 잘 봤습니다.
3.0,2026-03-21 21:23,그냥 그저그럼.. 왜 천만인줄 모르겠음....
2.0,2026-04-04 16:29,스토리는 흥미로우나 지루한 장면이 많고오글거리는 연출이 넘 많음
5.0,2026-02-04 14:46,유해진님 연기력 최고에요 ㅜㅠ적극추천
2.0,2026-03-27 15:06,전국민 장항준 의리게임 중인가... 연기차력쇼
4.0,2026-02-19 12:25,연출은 좀 후져요. 흐름도 끊기고 개연성도 부족하고 뜬금없는 갑툭튀에 CG도 처참..하지만 배우들의 명연기가 마음을 울리고 돈이 하나도 아깝지 않았습니다.단종의 눈빛에 몇날 며칠 마음이 아픕니다 ㅠㅠ
5.0,2026-02-04 15:12,박지훈과 유해진이라는 치트키를 썼는데 안 볼수가 없었다. 박지훈 눈빛이 그냥 단종 그 자체였고 유해진 특유의 유쾌한 개그는 매번 실패하는 법이 없다. 이번엔 마음 뜨뜻한 국밥케미까지 말아주심… 설연휴에 부모님과 보기에도 딱인 것 같고 사극 좋아하는 사람은 무조건 추천! 다 보면 단종 과몰입하게 된다 내가 엄흥도가 돼ㅠ
5.0,2026-02-04 13:03,"오랜만에 배우들 연기가 돋보이는 작품을 만났네요 박지훈, 유해진 배우 연기 차력쇼 대박이에요.. 울고 웃고 시간가는 줄 모르고 봤어요 ㅋㅋ 가족들 다같이 보기에 좋은 영화입니다!!! 단종 관련 역사 이야기를 풀어놓은 내용이라 결말을 알면서도 조마조마해하고 개그 코드도 잘 맞아서 더 재밌게 봤어요!"
2.0,2026-05-12 22:19,시청률 약간 나오는 Tv사극 보는 수준의 감동
2.5,2026-03-13 23:07,입소문 덕에 성공한 상품. 딱 그 이상도 이하도 아님.
5.0,2026-02-08 17:07,개슬퍼요 박지훈 연기 너무 잘함!!!!
3.0,2026-03-18 10:32,생각 보다 별로임.연기들은 잘하는데.. 스케일도 그렇고.. 많이 부족한데.. 1000만관객이라.. 놀라움.
5.0,2026-02-06 08:04,드디어 단종의 환생! 안구건조증 치료됐어요!
3.0,2026-02-09 15:47,배우분들 연기는 너무 좋았지만... 연출이 아쉬웠어요..
5.0,2026-02-13 11:55,솔직히 연출 매끄럽지 못했을수 있음 cg좀 별로 일수도 있음 근데 걍 연기가 미침 눈빛이 미침 걍 티켓값하나도 안 아까움 집에서 보면 넘겨보고 뭐하면서 보고 하면서 이 감동 못 느꼈을듯
5.0,2026-02-09 08:23,사실 장항준 감독의 영화가 이번에 꼭 성공하길 바라는 마음에 관심을 가지고 기다리고 있었어요.근데 영화가 진짜 좋습니다.. 우선 모든 배우분들의 연기가 좋았지만 박지훈 배우를 칭찬하고 싶네요.본적 없지만 실제 단종의 모습을 보는듯 했습니다. 자기힘으로 선택한 삶이 아님에도 불구하고 무거운 왕족의 삶을 살다가..마지막까지 억울하게 가야만 했던 그 슬픈 눈을 보고 온 마음이랄까..박지훈 배우 약한영웅에서도 보고 인상깊었는데 .. 다음작품은 일부러라도 찾아볼것 같아요. 영화 대박나길 기원합니다.
5.0,2026-02-05 21:40,단종에 대해서 잘 알게 된 영화 끝에는 눈물 줄줄 흘리면서 봤어요! 그렇게 어린나이에 명을 다했다니.. 너무 슬퍼요! 한명회역할의 유지태가 너무 얄미울정도로 연기자들의 연기가 훌륭했어요!! 단종역 캐스팅도 너무 잘 어울렸어요!
4.5,2026-02-10 17:38,"계유정란에 이은 단종 복위 운동 그리고 그 이후에 벌어진 일들을 역사적 상상력으로 채워 넣은 솜씨가 일품이다. 세종대왕의 손자였고, 문종의 아들이었던 단종. 조선시대 가장 완벽한 적장자였던 그가 열두살 어린 나이에 왕이 되고, 노산군으로 강등되고, 유배를 떠난 후 죽음에 이르기까지 기구한 삶을 살다간 역사 자체가 너무 잔인하고 서글퍼서 울었다. 세종에 이어 왕이 된 아버지 문종이 불과 2년만에 세상을 떠나고 고아가 된 단종, 그 흔한 수렴청정 조차 할 수 없던 그의 처지(어머니 마저 단종을 낳고 이튿날 세상떠난다) 혈혈단신이던 그거 느꼈을 무력감은 이루 말로 표현할 수 없었을 것이다. 얼마나 공포스러웠겠는가. 믿고 따르던 신하들이 모두 죽임을 당하는 현장에 있었으니 말이다. 그 어린 단종의 마음이 떠올라 또 울었다. 하지만 당당한 단종의 모습을 영화에서 볼 수 있어 기뻤다."
5.0,2026-02-04 13:54,배우들 각자의 연기가 좋아 몰입도가 좋았어요 특히 유해진배우의 연기는 웃음과 감동을 주네요 재밌게 잘봤어요
5.0,2026-02-10 21:10,"단종에 대한 재해석, 단종도 왕이었다."
5.0,2026-02-06 00:47,박지훈 연기 발성 너무 좋아서 살아돌아오신 단종대왕같습니다!
0.5,2026-03-15 16:20,왜? 천만일까....? 몰입도 제로...참..감동도없고...
0.5,2026-03-16 13:46,아니 진짜 이 영화가 진지하게 천만 넘을 수준이냐? 퓨전 사극 드라마도 이 정도는 아닐 듯
5.0,2026-02-04 22:31,"처음볼 땐 유해진 연기에 ""역시다"" 하고 보는데 그 다음 박지훈 연기에 ""우와~~""하게 되는 영화입니다. 진심 상줘야 합니다.  배우분들 목소리는 또 어찌나 좋은지 극장에서 호강했 습니다  끝난 후  자막보는 데도 슬프고 여운이 남았습니다"
5.0,2026-02-04 12:52,장항준 감독 특유의 묘한 따뜻함이 묻어나오는 스토리..이번에도 역시나 좋았고 특히 박지훈 연기 보는 내내 소름이 쫙..단종듀스 일등 다웠음 ㄹㅇ
3.0,2026-03-25 16:32,"장항준 감독 너무 좋아하고 밝고 좋은 사람이라고 생각하고 그 가족이 모두 잘됐으면 좋겠음근데 그거랑 별개로 이게 천만 영화는 절대 아니라고 생각함뭔가 부족한게 너무 많은 영화임스토리가 이어지지 않고 중간에 계속 개그 코드만 넣고 기승전결이 완벽하지 않은 영화라고 느껴짐뭔가 완벽한 영화는 무엇하나 빠지지않고 바꿀수 없는 영화라 생각하는데 이영화는 바꾸면 좋을 만한게 좀 많이 있었던 영화임,,, 너무 칭찬만 있고 평가가 없길래 써봅니다."
1.0,2026-03-01 18:16,공감이 전제된 역사적 비극 위에 배우의 열연을 보란듯이 얹어놨으나 완성도는 평균 이하..표현은 진부하고 구성은 엉성하며 연출은 무성의함.
1.5,2026-03-08 19:47,대체 이게 왜 천만..? ?
5.0,2026-02-13 12:55,어린 단종이 얼마나 무서웠을까 ㅜ
2.0,2026-03-18 20:25,연기는 최고였지만 입소문과 타이밍이 좋았던 영화감독의 덕이 좋았기 때문에 흥행한 영화
2.5,2026-04-03 18:14,서사는 빈약하고 의미없는 씬만 넘쳐난다. 10분짜리 압축 편집본이 훨씬 재밌을듯. 그리고 호랭이 CG는 정말 처참하다
3.0,2026-03-11 18:14,나쁘진 않은데.. 영화 광해를 앞서갈 정도의 관람객 수가 어떻게 나온 건지 의문입니다. 요즘 세상이 힘들어서 사람들이 많이 감정적으로 위로 받고 싶은가 봅니다.
3.0,2026-04-22 10:53,다들 펑펑 울었다는데 공감 못한 1인제일 슬펐던 장면이 과거 단종을 모셨던 신하들이 물가 건너편에서 읍소하면서 짐 던질때였다
2.5,2026-03-07 13:00,"한국 사극 영화에는 이미 몇 개의 높은 산이 있다.〈왕의 남자〉, 〈광해: 왕이 된 남자〉, 그리고 〈관상〉.이 영화가 그 작품들과 나란히 놓일 수 있을까. 글쎄…어쩌면 이 영화는 앞서 말한 작품들과 같은 결의 사극이라기보다는,〈해운대〉나 〈신과 함께〉처럼 많은 관객이 함께 공감하고 웃고 울 수 있는 대중적인 궤에 더 가까운 영화일지도 모르겠다. 연출과 미감 전반적으로 모든 부분이 많이 아쉬웠다. 그래도 장항준 감독님 좋아하고 응원합니다!"
1.0,2026-03-24 23:44,이게 재밌음? 개연성 하나도 없고 왜케 오글거리지
3.0,2026-02-22 16:49,"진짜 평균 9점이 맞아요?뭔가 서사두 많이 부족하고,단종과 보수지기간의 끈끈함도 이해가 안되고영화 다 본 이후에 진짜 재밌는 게 맞나라는 생각이 들던데"
5.0,2026-02-07 01:38,전 이제 박지훈 배우가 단종으로 밖에 안보입니다 영화 중반까지는 웃으면서 봤는데 후반부터는 진짜 계속 울었음 여운 엄청 남고  재관람 의향 백프로 안봤으면 후회할 뻔
0.5,2026-03-08 03:48,너무 별로였음..박지훈 연기만 좋았는데유해진은 장항준감독 빙의된듯 시끄러웠음..전반적으로 너무 작위적이었다고 느낌.이게 천만이라는게 믿기지 않음
3.0,2026-03-09 06:52,"개인적으로 스토리나 개연성이나 연출은 그닥, 주연급 배우들의 연기력이 영화를 살렸네요. 배우들의 연기력으로 영화는 재미있게 봤습니다."
4.0,2026-02-06 22:03,"유해진형님이 8팔이다. 유지태 벌크업하면서 제대로 악역했다. 잘 아는 조연들도 재미진 몫을 다 하시었고, 전미도는 극적인 양념역할에 충실하게, 걱정되었던 단종 역은 연기가 무시 못할 정도 잘 함."
4.5,2026-02-09 05:44,"유해진 배우가 다한 영화!박지훈, 전미도, 유지태  모두 좋았지만 유해진 이라는 배우가 없었어도 이만큼 흥행했을까? 하는 의문이.그럼에도 불구하고 스토리가 매우 좋아서 꼭 많은 분들이 보셨으면 합니다."
2.0,2026-03-11 20:34,너무 뻔한 신파극.. 단종과 동네 주민들이 두서없이 갑작스럽게 친해지고 엉엉 울며 죽고 못사는 사이가 된 것 자체가 감정선이 이해가 안됨
5.0,2026-02-04 14:20,배우들 연기가 미쳤어요 눈물 줄줄남
5.0,2026-02-05 23:38,박지훈 눈빛 미쳤다... 오랜만에 누군가에게 보라고 추천한 영화
3.5,2026-03-23 09:47,"정말 솔직히 말해서.. 솔직히 정말로 1400만 넘을 영화는 아니라고 생각합니다..시기를 정말 잘 타서 개봉한 영화라고 생각해요.우리 나라 사람들은 이거 최고야 하면 우르르 ~ 같이 하는 경향이 큰 국민성을 가지고있는것 같아요.왕사남이 국제시장을 넘어서는 영화라니.. 솔직히 말이 안된다고 생각해요....영화보고 박지훈님을 알게됐고 연기력 인정, 유해진님 기타 다른 배우분들도 다 믿고 보는 배우분들인것도 인정. 그런데 1400만...;; 정말 시기를 잘탄 영화입니다. 이것도 저는 영화를 만드신 분들이 복이 많다고 생각합니다."
1.0,2026-03-23 16:41,뭐하나 강점이 없는 신파를 위한 신파에 의한 신파에 몰두한 신파극
5.0,2026-02-05 22:47,"개봉일에 영화를 보고 여운이 짙게 남아 단종에 관한 기록들을 찾아봤습니다.. 실제로 단종이 겪었던 일들과 엄흥도에 대한 자료들을 읽고 이 영화를 재관람하니, 단종에 대한 안쓰러운 마음이 이루말할 수 없을 정도네요. 너무도 어렸던 인간 이홍위를 바라보는 엄흥도의 눈빛에 가슴이 미어지는 순간이 많았습니다.부디 그 곳에서는 내 사람들과 함께 하셨기를.."
2.5,2026-03-29 02:50,둘의 서사가 조금 더 깊었더라면
1.0,2026-03-08 15:52,유해진 연기 원맨쇼 그외 억지신파 볼거없음
5.0,2026-02-09 12:56,"오랜만에 시간가는줄 모르고,,, 시간이 안갔으면 하는영화였씁니다.. 배우들 연기 미쳣구여 .. 특히나 박지훈배우님은 정말정말 기대 이상이엿어요 … 지금 박지훈배우님께 빠져서 … 다른 작품들도 찾아보고 있습니다. 영화관가서 다시볼예정입니다"
0.5,2026-03-09 00:06,천만영화는 절대 아닌거 같아요 그냥 평범하네요 베스트 댓글은 솔직히 믿지마세요 기대하지마시고 앵간히 볼영화가 없어서 천만 본거라 생각됩니다 이게 평점9점?....지루합니다 많이
5.0,2026-02-14 21:03,"우리나라 역사에서 단종에 대한 포커스가 희안하게 잘 없었던 것 같습니다. 세조의 잔혹함이 세조 다음 예종 등의 후왕들로 인해 당시에 잘 가려졌다해도 이제는 드러나야할 것입니다. 단종이 폐위되었을대,  사육신과 민심들이 당시 어디로 기울었는지, 그럼에도 세조의 사욕이 얼마나 과했는지. 단종이 노력했음에도 좌절될 수 밖에 없었던 통탄함이 영화 속에 잘 녹여난 것 같습니다. 특히 단종 역할의 박지훈 배우가 너무 처연하게 잘 소화해내서, 영화를 보고 나왔는데도 가슴이 먹먹하네요."
1.0,2026-03-21 15:07,와 진짜 대한민국 영화 수준 이겁니까? 역대급 노잼 이었습니다. 이걸보고 재밌다는 것 자체가 놀라움
5.0,2026-02-07 22:08,박지훈 뭐져? 연기 왜케 잘하나여? 워너원은 가수아님? 워너원인데 연기 왜케 잘히져? ㄷㄷ 유해진 횽님도 박지훈땜에 마지막씬도 나올 수 있었다고 극찬하고 아끼더라고여 후 여운이 짙습니당
5.0,2026-02-09 22:53,박지훈배우의 재발견이네요. 너무 맘이아팠어요.
3.5,2026-03-23 14:30,재미는 있었으나 과연 이게 천만을 넘고 감탄을 할 정도의 영화였나 하는 생각이 들었다. 너무 기대를 하고 봐서 그랬던걸까? 지금까지 봤던 천만 관객 영화는 머리부터 가슴까지 꽉찬 느낌이었는데 왕과 사는 남자는 어디 한 구석이 허전한 느낌이 들었다.
1.0,2026-03-25 23:36,코믹요소가 너무옛날방식; 밥상들고 꺼억 대는거로 웃음포인트잡으려하는거랑 호랑이상대로 대사가너무 쫌 ..오글 ;; ㅋㅋ
3.0,2026-03-18 22:11,배우들 연기때문에 몰입감은 장난아니지만 천만까지인가싶다
3.0,2026-03-08 17:45,아.. 솔직히 실망요. 스토리나 연출이 너무 유치하고 촌스러워요. 그나마 배우들연기가 괜찮은데 너무전형적인 인물로 연기해서 감독의 역량이 거기까진가 싶네요.
5.0,2026-02-06 22:18,유지태씨의 재발견..! 박지훈씨의 아련한 눈빛과 주연/조연 할 것 없이 연기력이 출중함. 시간가는 줄 모르고 보다 보니 어느새 상영 끝.. 호랑이 빼고 모든게 완벽함♡
3.0,2026-03-30 20:11,천만영화 기대감이 커서였는지 몰라도 생각보다는 별로였다.
5.0,2026-02-09 23:12,박지훈 말고는 단종을 상상할수도 없다. 정말 역사책에서 묘사된 그대로의 모습.그 눈빛을 오랫동안 기억할듯하다.
3.0,2026-04-15 18:07,호랑이 어쩌구 하길래 뭔가 했는데.. 정말 호랑이 뭐냐...  연출도 개연성 끊기고  천만 영화는 걸러야 한다.
2.0,2026-03-07 12:52,너무 기대가 컸던듯.. 천만이 갈만한 수준은 아닌듯한데 이영화로 천만을 가는거보면 장감독의 사주가 진짜 좋은가봉가
3.5,2026-02-06 21:01,연기력으로 볼만한데 뭔가 심심한 느낌임...
4.5,2026-02-04 12:37,연기력과 스토리가 찰떡
2.5,2026-03-26 14:02,"너무 기대를 많이 하고 갔나봅니다 ㅠㅠ 박지훈, 유해진, 전미도, 이준혁 등 배우분들 개개인 연기는 좋은 듯 하나.. 무언가... 싱거웠음 ㅠㅠ"
1.0,2026-04-01 18:05,돈 아깝다. 언론에 속았네 .. 저를 믿고 프로젝트 헤일메리 보세요.
3.0,2026-02-15 21:11,감독은 유해진한테 큰절올려라...
5.0,2026-02-04 12:32,오랜만에 제대로 된 사극 본것 같아서 반가웠음. 역사책을 찢고 나온 듯한 유해진 박지훈 연기가 압권이었음. 웃다가 오열했네 ㅠㅠ
2.0,2026-03-08 22:04,"극장까지 가서 볼 영화는 아니였다고 느꼈다. 연기는 모자람이 없지만, 뻔함에 감동을 찾기는 힘들었다. 언론의 떠들석함을 채우지 못한 영화라 평가한다. 언론이 만들어 낸 기대감으로 인해 평가점수는 높이 주기가 힘들다. 안방에서 티비를 통해 보면 딱 재미있을 영화정도였다."
4.0,2026-02-10 19:50,동물 CG가 아쉽지만 장항준 감독 최고작이 나온건 확실하다.
2.0,2026-05-30 11:47,솔직히 9점대 영화는 아니지않나
5.0,2026-02-06 23:05,"진짜 단종은 박지훈이여만 했다.. 진짜 왕사남 많이많이 봐주세요 지훈아 이런 작품, 이런 연기 해줘서 너무 고마워 진짜 너무 자랑스럽다 내새꾸"
3.0,2026-03-08 17:52,왕과 촌장이 눈물 날 정도의 교류가 있었는 지 좀 의문이요...연기는 다 좋았어요
3.0,2026-03-20 02:43,너무 올드하고 캐릭터가 평면적이고 억지신파ㅠ
1.0,2026-03-22 09:55,영화의 완성도가 처참한 수준이라 이를 재미있게 봤다는 사람들의 지능까지 의심하게 만든다 그리고 이런 작품에 시간을 쓰고 극장까지 찾은 나 역시 결국 여론과 입소문에 쉽게 휘둘리는 대중 중 하나일 뿐이라는 생각에 자괴감이 든다
3.0,2026-04-20 17:40,엉성한 뜨거움....
5.0,2026-02-05 08:00,마지막 10분은 그냥 눈물 줄줄입니다
3.0,2026-03-03 22:09,좀 더 잘만들 수 있는 영화를 툭툭끊기는 연출과 억지코믹요소들이 재를 뿌린것같다. 배우들의 연기력으로 하드캐리한 영화. 개인적으로 유지태가 제일 좋았음.
5.0,2026-02-08 21:17,박지훈 눈빛만 봐도 슬퍼지고 유해진 목소리만 들어도 눈물남 ㅠㅠㅠㅠ
4.5,2026-02-07 10:21,약간의 어설픔이 있음에도 배우들의 연기로 모든것을 커버한다.  박지훈은 이제 최고의 배우가  될 준비를 마친듯.
5.0,2026-02-14 01:47,단종오빠 사랑해요...
4.0,2026-02-05 01:32,패배는 나약함의 동의어가 아니다
5.0,2026-02-04 18:25,처음으로 개봉일 기다렸던 영화였는데 기대 이상이였고 단종은 박지훈이여야만 했다는 말 그 의미를 확실히 알겠더라 지금까지 본 영화 중 최고였어!!
0.5,2026-05-26 13:44,"억지 웃음, 억지 슬픔을 강요함"
2.0,2026-03-15 19:00,배우들 연기력은 원탑내용이야 허구가 가미된 역사이야기재밌긴 했으나이게 천만갈 정도면 드디어 관객들 수준도 하락했다고 생각됨...
5.0,2026-02-13 12:50,박지훈 눈빛에서 ㄹㅇ 모든 게 느껴짐....
5.0,2026-02-07 03:28,장기흥행예상!! 이런게 영화지!!
1.5,2026-03-08 23:23,연출과 내용이 아주 루즈했습니다...
1.0,2026-03-08 23:20,워낙 단조로운 내용을 두시간짜리 영화로 잡아늘여놓으니.. 도대체 농축된 대사 한마디 없고 유해진의 개인기에 기댄 영화. 사실 코로나 이후 영화시장이 너무 안좋아져서 한국영화고 외국영화고간에 도대체 볼게 없고 오직 이게 그나마 나아서 본건데 역시나 겁내 지루했음 ㅠ ㅠ  코로나로 영화판 인재들이 증발해버렸는지 무슨 굿윌헌팅 등 과거 명화나 재개봉하고 신작은 너무나도 졸작만 나오는 현실 ㅠ ㅠ
5.0,2026-02-04 17:08,"저는 cgv vip인데요..그의 나온 영화는 80프로이상 극장가서봅니다..재미없는 영화라도..와 이번 왕과사는 남자는 유해진의 연기력에반하고 박지훈 배우의 눈빛연기에 반합니다예전 진주만때 밴에플렉의 눈빛하나에 열번을 봤더랬죠...박지훈 배우의 눈빛에 빠져보세요참고로 극장 나와서까지 잔감동에 눈물이 또 나는 영화는 처음이었어요,..ㅠ"
1.0,2026-03-23 03:20,이딴 영화가 아직까지 한국영화계를 주름잡으니 퇴보하다 못해 망작의 연속이구나.올려치기도 적당히 해야지 ㅉㅈ 억지마케팅때문에 더 거부감드는 영화왕의 남자와 수준 비교하면 하늘과 땅차이임이 분명하다
3.0,2026-03-23 15:49,웃음을 위한 산만한 연출과 뚝뚝 끊기는 편집 등이 다소 아쉬웠어요. 배우의 연기는 캐릭터의 감정에 몰입하기 좋았습니다. 이 영화를 보니 관상과 자산어보가 정말 촘촘하게 잘 만든 영화라는 것을 다시 한번 느끼게 해주었어요.
3.0,2026-03-08 18:38,"너무 기대를 많이 한 탓인지 그냥 그랬음.. 배우들의 연기는 좋았지만 억지신파를 끌어내려고 하는 느낌이 들었고, 인물서사에 이입이 어려웠음.특히 엄홍도 캐릭터."
0.5,2026-03-08 21:22,평점에 속았다 세상이 나를 속이는게 분명하다.  영화관이 망해가니까 이렇게 사람들 속여서 보게 하는건가
2.0,2026-03-20 13:48,기대가 컸던 걸까 전개도 결말도 그저 그랬던 영화 유해진 차력쇼
4.0,2026-02-17 23:48,"솔직히 배우들 연기가 전부인 영화.연출, 음악 모두 아쉽다"
5.0,2026-02-06 07:26,역사가 스포여도 하염없이 눈물이 나 하염없이 서글퍼져
5.0,2026-02-05 12:12,"박지훈 연기 이번에 처음 보는데 생각했던것보다 너무 잘함. 얼굴도 잘생겼는데 연기가....유해진배우랑 합도 좋고, 대선배랑 같이 연기하는데  절대 부족해보이지 않고 틈이 없었다.진짜  단종 그 자체임.영화 자체도 너무 좋음.단종과 엄흥도 이야기 너무 감동적이고 슬프고..내스타일이다."
5.0,2026-02-09 08:09,호랭이 cg빼고는 완벽
2.0,2026-03-26 12:22,몰입1도 안되게 스토리도 너무 유치하고 개연성도 하나도 없고..왕이랑 유해진이랑 궁녀같은 사람 연기빼고는 다 너무거슬림
5.0,2026-02-04 15:17,결말을 알고 보는 영화는 흥미가 없지만 단종이야기에 끌리고 예고편 보고 끌려서 보고왔음 중간중간 웃을때 다같이 웃고 마지막엔 다같이 울고 (난 눈물콧물 개진상오열쇼)극장나와서 택시타고 가는데 사연있는 여자됨 먹먹한 여운이 남네 유해진 배우 연기는 말모 박지훈도 약영에서 잘한다고 느꼈는데 사극도 잘하더라구 조조로 봤는데 우리관에 생각보다 어르신들 많아서 놀람 호불호없이 온가족이 볼만한 사극영화 나온거 같음 오늘은 혼영했고 엄빠 모시고 다시갈거임
5.0,2026-02-07 22:57,1차 관람시 그냥 내용에 몰두하며 웃고 울며 보고 집에 와서는 계속 생각이 났어요… 단종의 박지훈씨 눈빛 연기가 다시보고 싶어서 다음날 다시 2차 관람을 했는데 엄흥도와 단종의 감정선에 좀 더 집중하며 보았는데 두번째 봐도 재밌고 내용을 알아도 계속 눈물이 흘러서 가슴이 먹먹했어요… 오랜만에 여운이 길게 남는 영화이고 큰 스크린으로 단종의 눈빛연기를 꼭 확인하시길…
5.0,2026-02-04 11:44,"진짜 가족들이랑 설에 가서 보기 좋을 것 같은 영화! 웃다가, 울다가 두시간 순삭-!연기도 좋고 이야기도 좋아서 재밌게 봤어요!"
5.0,2026-02-04 13:28,"왕과 사는 남자 첫날 바로 보고 왔는데, 생각보다 훨씬 편하게 잘 봤어요! 좋아하는 배우들 나와 갔는데 역사 영화라 처음엔 살짝 긴장했는데 막상 보니까 흐름이 부드럽고 인물 관계가 중심이라 금방 몰입된? 감독 역량이 너무 좋았습니다. 어린 단종이랑 그를 곁에서 지켜보는 촌장의 조합이 좋았고, 둘이 같이 나오는 장면들은 괜히 미소 나오는 순간도 많았어욬ㅋㅋ웃기려고 억지로 끌고 가는 느낌이 아니라 상황 속에서 자연스럽게 나오는 웃음이라 그냥 생각없이 봤습니다배경이나 의상도 과하게 꾸민 느낌 없이 깔끔해서 보는 내내 편했고, 화면이 차분해서 이야기 자체에 집중하면서 배우들 연기도 튀지 않고 다들 제 역할을 잘해서 캐릭터가 현실감 있게 느껴졌습니다.  무겁게 몰아가거나 감정을 억지로 건드리는 영화는 아니라서, 보고 나서 마음이 괜히 피곤해지지 않는 것도 장점. 역사 이야기인데도 어렵지 않아서 영화 좋아하지만 사극은 잘 안 보는 사람도 충분히 재미있게 볼 수 있었습니다"
3.0,2026-03-14 06:21,장항준 감독님 정말 사랑합니다 그러나 솔직하게 말할껀 말하고 ㅎㅎ 가야하지 않겠습니까 제가 천만영화를 진짜 많이 봤는데 결론은 연출이 많이 아쉽다는 생각 천만갈정도는 아닌데란 생각을 하고 나왔다는점 뚝뚝 끊기는 느낌 연출과 단종과 흥도 및 마을사람들의 인과 관계가 아쉬웠으나 관객들이 눈물 바람이 된건 유해진님의 연기력은 와 ~ 그 어떤연기보다 최고였다(다른배우분들도 연기력이 좋았고 난 박지훈님을 프듀때부터 원픽으로 투표했지만) 그래도 유해진 연기는 잊지 못할 여훈이 있고 두고두고 생각날것 같다
3.5,2026-03-26 11:16,정말이지 이런 영화가 천만 넘는다는 사실이 너무 안타깝다.  진짜 연기 연출 스토리 모든게 다 아쉬운 작품인데..
5.0,2026-02-10 19:44,여운이 장난아님....보고있을때보다 집에와서 더생각남 한번더 볼꺼예요
5.0,2026-02-04 13:27,유해진 박지훈 연기가 아주 좋네요영화내내 웃기다가 먹먹한 감정으로  파고드는 영화.
2.5,2026-03-12 02:49,천만까지는 아님 좋은 소재인데 연출이 매우 아쉽다
3.0,2026-03-02 20:53,솔직히 말해서 어느 지점에서 오열을 할만큼 슬픈지 하나도 모르겠어요. 그만큼 감정을 이끌수 있는 전개가 너무 부족하고 띠엄띠엄 스토리가 너무 빨리 전개되다가 마지막에 후다닥 끝나버리는 기분이었어요. 대사 속 코믹요소도 억지가 넘 많아서 오히려 감정이 깨지게 되더라고요. 그럼에도 배우분들 연기는 훌륭했습니다. 조금만 탄탄한 스토리였다면 정말 명작이 나올뻔 했군요.
0.5,2026-03-25 00:08,배우연기빼고볼게없음
0.5,2026-03-20 09:51,정해진 줄거리대로 흘러가야 하기 때문에 개연성 개나줘버리고.억지 감동에..광해에 대비 재미가 40%밖에 안되는 영화.
5.0,2026-02-04 13:27,눈물 참는 연기에 실패.  ㅠㅠ
0.5,2026-03-08 23:56,속아버렸네요....
1.0,2026-03-06 21:40,하아..나 쌉F여서 손수건까지 챙겨갔는데...대체 어디서 울어야하는거지 계속 기다리다가…개연성 서사 밥말아먹는거 보고 어이없어 웃음터지는거 참으면서 봄 다른 건 다 그렇다쳐도 조선시대인데 일반 양반과 머슴도 신분이 하늘과 땅 차이인데 정통 사극에서 왕과 화전민 사이에 얼평과 멱살잡이..티키타카가 왠말인지..선넘었다. 넘 불편했음. 그 외 다수 할말하않…넷플이면 끄면되는데 영화 중간에 뛰쳐나갈수도 없고…하아..이건 아니지…이런 저릿한 역사 소재에 겨우 이런 연출로 천만이라니…다른 영화 제작자들 현타올듯… 한국영화 수준.. 이게 진짜일리없어..이게 더 슬프네.. 천만 라인업에 있는 다른 영화들 욕보이지 마라 진짜..
5.0,2026-02-05 02:20,"유해진 배우는 특유의 인간미와 노련함으로 극의 중심을 단단하게 잡아준다. 가볍게 웃음을 주는 순간에도 인물의 내면이 느껴지고, 진지해지는 장면에서는 한순간도 허투루 흘리지 않는 감정의 무게가 전해진다. 박지훈 배우의 연기도 인상 깊었다. 단종이라는 인물이 지닌 복잡한 감정을 눈빛과 표정으로 섬세하게 표현해내며, 말보다 감정이 먼저 전해지는 순간들이 많았다. 특히 감정을 억누르거나 흔들리는 장면에서 과하지 않게, 하지만 분명하게 전달되는 감정선이 놀라웠다. 배우들의 연기가 만들어낸 분위기와 여운이 오래 남는 작품이 되었다. 배우들의 연기를 제대로 감상하고 싶은 관객에게 추천하고 싶은 영화다."
3.0,2026-03-22 16:01,금성대군 작전회의하고 나왔는데 허허벌판 천막하나 ㅎㅎ  둘러싼 군사 딱봐도 한 삼십명....  스케일과 디테일이 몰입을 확 떨어뜨려 헛웃음이 났다.  단종역의 슬픈 눈망울이 다 살린 영화.
5.0,2026-02-12 08:00,ㅜㅜㅠ 단종 안아....
3.0,2026-03-26 13:14,엄청 재밋는 수준은 아니였고 그냥 볼만한수준이던데 나만 그런가?
3.5,2026-03-06 16:17,"1,000만 영화라는 점이 너무나 두렵다.   한국영화가 비탈길을 내려가는 것 같다.   실화를 각색하여 억지를 만들어냈다.  등장 씬부터 한명회를 매우 잔혹하고 비상한 존재로 인상깊게 연출하였으나,후반부로 가면 갈수록 누구나 이상하다 생각할 정도의 '모른 척'이 인물을 바보로 만들었다.  나는 호랑이 CG 정도야 짧으니까, 어린 청소년이 활로 호랑이의 미간을 꿰뚫은 장면 정도야 극적인 장면이 필요하니까, 하며 너그럽게 넘어갈 마음이 있었다.하지만 무려 실화인데 개연성, 핍진성은 챙겨야 할 것 아닌가.엄흥도가 단종의 시신을 몰래 수습한 것은 가능하다.  그러나 단종을 끝까지 따라가 한명회에게 발각되었음에도 살아남는 것은 도저히 이해하기 힘들었다.   특히 영화의 절정, 감동의 장면이라 연출한 (실제로 아내는 울었다.) 단종이 엄흥도에게 '네놈이 나를 속였다.'   라는 느낌으로 살려주는 장면은 정말 심각했다.    한명회가 똥멍청이도 아니고 자신에게 한번의 언질도 하지 않은 엄흥도가 단종에게 길안내를 해주고 있는 상황은 누가 봐도 단종을 수행 중인 장면인데, 그걸 그냥 넘어가고 앉았다.차라리 들키는 순간부터 단종이 엄흥도에게 칼을 겨누고 ""길 안내는 여기까지다. 이 비루한 배신자새끼야. "" 라고 하고는 가볍게 한칼이라도 먹이는 것이 더 맞지 않았을까.   온갖 애절한 모습은 다 연출하고는 한명회한테 들으라는 듯이 ""니가 나를 배신했구나."" (심지어 한명회는 엄흥도에게 아무 정보를 얻지 않음) 하는데 한명회는 끄떡끄떡 ㅡㅡ;; 이게 뭔 초딩도 어이없어할 장면인가.   조금씩 억지가 있었지만 연기력으로 커버하면서 열심히 서사를 쌓아왔는데... 가장 중요하고 절정인 장면에서 개연성을 밟아버렸다.   도대체 감동을 어떻게 느낄 수 있단 말인가."
5.0,2026-02-04 18:38,믿고 보고 유해진배우님게다가 신예 박지훈배우도 다시 눈길이 가더군요 가슴이 미어지는 ㅠ아는 역사인 데도 불구하고
5.0,2026-02-10 08:12,"전 국민이 다 알고 있는 결말이라 별 감흥이 없겠거니 하고 보러 갔는데 이상할 만큼 가슴이 먹먹하고, 돌아와서도 단종의 눈빛이 떠올라 재관람 예정입니다. 연휴에 가족끼리 보기에도 좋을 듯해요. 두 배우가 강에서 찍은 포스터가 이 영화의 모든 것을 담고 있는 듯하네요."
5.0,2026-02-04 13:06,"유해진 박지훈 둘 다 연기 도랏,, 예전 흥행 시절 한국 영화 생각도 나고,, 아는 맛이지만 오랜만에 옴청 잘될 것 같음"
2.0,2026-03-14 05:55,뻔하디 뻔한 신파... 기사식당 백반맛
3.0,2026-03-09 15:59,"호랑이에서 엥? 개연성에서 엥? 신파에서 이제 그만..사극 한정 이 영화가 광해, 왕의남자는 커녕 관상 조차 넘을 수 없는 작품인데 곧 다 따라잡겠네;"
1.0,2026-03-21 15:41,솔까 핵노잼 뭐임? 감성팔이?
1.0,2026-03-09 20:24,진짜 이게 왜 천만이야..
2.0,2026-03-15 12:05,한국영화 수준을 떨어뜨린 억즙신파 흥행작
0.5,2026-03-08 05:15,"부산행을 보면서도 웃고 울었던 내가 단 한순간도 즐겁지 않았고, 슬프지 않았음. 정말 너무 재미없고 너무 진부함. 박지훈은 역할에 정말 잘 어울리는 캐스팅 이긴 하지만, 유해진은 그냥 늘 보던 유해진임 새로울게 하나도 없음"
5.0,2026-02-13 09:54,와~이것은 단종의 환생이다! 별 기대없이 유해진팬으로 보러 갔는데..박지훈의 눈 연기에 박지훈 팬 하기로..단종이 환생하여 아이돌로 사랑받는 기분. 난 그렇게 생각하련다~
5.0,2026-02-06 07:57,"역사책 찢고나온 유해진배우님과 단종의 환생 박지훈배우의 연기가 끝내줍니다. 마치 그냥 실존인물들이 되….웃음도 있고, 감동도 있습니다.오랜만에 극장에서 돈아깝지 않은 영화 봄"
5.0,2026-02-04 15:07,일단 믿고보는 배우들이라 기대하고 봤는데기대 이상으로 재밌어서 너무 웃고 감동 포인트도 있어서 울고 나왔네요… 박지훈이 단종 캐릭터인거 진짜 미친(p) 캐스팅 ㅠㅠ 눈만 봐도 눈물이 나와요 그냥 ㅜㅜ이번 설날에 가족끼리 또 보러 가려구요~ 부모님 좋아하실듯!!
4.0,2026-02-07 09:22,연출이 드라마 느낌이 들어 아쉽지만 배우 연기가 먹여살린 영화다. 특히 유해진과 박지훈의 연기는 마음을 울린다. 잘 봤습니다
4.5,2026-02-04 19:16,단종 박지훈 연기 보는 것만으로도 만족. 슬픔이 깃든 눈빛 감정 연기 진짜 잘함
5.0,2026-02-09 21:09,박지훈 눈빛…… 단종이 아닐수 없다..
5.0,2026-02-05 21:33,세조 개 쓰레기!!! 개빡치네 진짜
4.0,2026-03-14 16:59,1000만은 아닌것같은데..
5.0,2026-02-11 00:23,모두가 준비하고 있던 마지막인데.. 저항없이 터져버렸다.
4.0,2026-02-05 10:26,역사가 스포일러지만그래도 눈물이나는건 단종의 삶이 너무 안타까워서이지..유해진.박지훈 연기 잘하네…
5.0,2026-02-08 12:48,유해진 배우가 박지훈 배우에게 극찬하는 모습과 장항준 감독이 왜 “너여야만 해”라고 이야기 했는지 알 수 있는 영화였다. 박지훈배우의 눈동자에선 깊은 울림을 주는 것 같다. 보고만 있어도 눈물이 나올 정도로 슬픔이 담긴 눈동자였다.
5.0,2026-02-05 20:55,"예고편을 보고 그동안 역사에서 제대로 다루지 않았던 단종의 이야기라는 알게되어 기대하고 봤는데 큰 스케일이 아님에도 배우들의 뛰어난 연기와 적절한 서사 전개로 지루할 틈이 없었습니다. 특히, 유지태의 진중함에서 나오는 카리스마, 유해진의 가벼움과 진지함을 넘나들며 극 전체를 이끄는 장악력, 박지훈의 여린 모습 속의 강인함을 잘 표현한 세 명의 주연 연기력이 단연 압권이라고 생각합니다."
3.5,2026-03-18 22:27,"전반적으로 괜찮은 영화였다 생각해요. 천만 넘었다고 해서 1년만에 영화관 가서 보고 왔는데, 제 기대가 너무 컸던 탓인지 '정말 좋은 영화'를 봤다고는 말을  못 하겠네요. 배우들의 연기는 모두 좋았지만 엄청났다고는 할 수 없을 것 같습니다. 원래 잘하는 배우들이 자신의 역할을 하신 정도라 생각해요. 단종 박지훈 배우의 격한 감정 연기와 눈빛 연기는 좋았지만 마을 사람들과 어우러지는 과정에서의 잔잔한 연기는 그에 못 미쳤다고 생각해요. 유해진 님과 다른 배우들의 연기는 모두 좋았습니다. 일부 장면에서 감동이 없지는 않았지만 폭풍같이 밀려오는 감동은 아니었어요. /장항준 감독님이 거장 직전 감독에서 '직전'을 떼나 했는데,저는 아직 개인적으로 떼드리고 싶지 않네요. 다음에는 관객 수와 상관없이 더 감동적이고 여운과 메시지를 주는 영화, 또는 대놓고 정신없이 재미있는 영화를 볼 수 있기를.../ 한껏 기대하고 보러갔다가 약간 실망하여 이 평을 씁니다. 그런데 또 한편으론 잘 알려진 단종 이야기로 이것보다 훌륭한 작품을 만들 수 있을까 하는 생각도 듭니다. 다음에 더 훌륭하고 더 대박치는 작품 기대하겠습니다."
5.0,2026-02-10 08:23,"주연,조연 따질꺼없이 모든 배우들 조합이 너무좋습니다. 2시간 넘는시간동안 조선시대여행한 기분입니다. 꼭 영화보세요"
5.0,2026-02-05 22:07,누가 주연이고 누가 조연인지 따지는 게 무의미할 정도로 배우진들의 연기력이 엄청 났다.오랫만에 시간가는지 모르고 울고 웃었다역사를 잘 몰라도 거부감 없이 어렵지 않게 영화에 몰입할 수 있었다.
5.0,2026-02-04 12:38,한명회 이 나쁜놈 니놈 묘에 내가 악플달러간다 당장
5.0,2026-02-04 09:20,단언컨대 아이돌출신중 최고의배우…
5.0,2026-02-04 12:55,영화를 좋아해서 극장에 혼자 가 영화를 보는게 저의 낙입니다. 그 많은 영화를 보고 평을 남기는건 처음인것같은데 영화가 끝난뒤에도 마음이 먹먹하더라구요 믿고 보는 배우들 이어서 줄거리를 잘 모르고 갔는데 엄청나네요.. 유지태님 캐릭터를 위해 살을 찌우신거같은데 등장할때마다 위압감이 엄청 나고 유해진님은 원래 말할것도 없이 캐릭터 그 자체가 되셔서 보며 웃고울었습니다박지훈님은  약한영웅때 연기 잘 하시는건 알고있었는데 왜 노산이 박지훈님인지 알겠더라구요한없이 연약해보이다가도 끌어들이는 무언가가 있고 알에서 깨고나온것처럼 단단해졌을때 저도 같이 전율이 일어났습니다영화 잘 봤습니다
4.5,2026-02-04 12:52,방금 보고 나왔어요 유해진분 역이 실존인물이었다는 점이 가슴을 더 울리네요ㅠㅠ
5.0,2026-02-04 12:34,유해진씨 너무 좋아하는데 티비엔 잘 안나와서 서운하더만 ... 극장에서만 봅시다.박지훈 약한영웅에서 '쟤 미쳤다' 싶더니 진짜 너무 잘합니다 오랜만에 시간아깝지 않은 영화 여운이 남는 영화였어요
5.0,2026-02-04 21:12,영월엄씨 군기공파 29대손 충의공 엄흥도 어르신 후손 입니다. 비에이엔터테이너먼트 제작사 분들게 고마움과 감사드립니다. 스크린에 그려진 역사에 아픔에 펑펑 울고 왔습니다.
5.0,2026-02-04 14:42,역사책에서 쉽게알지못하고 그냥지나친 사실같아야 할 사람과 사람의 도리를 감동을 마지막 장면에선  훌쩍이지 않은 이가 없을 정도로 아프고  역사가 바뀌었으면 어땠을까 지금의 현실보다 더 나은 세상이었지않았은까 생각되게 했습니다 꼭 극장에서 최고의 조연들과 연출과 주인공들의 희노애락을 함께 하시길 바랍니다
5.0,2026-02-04 09:35,와 박지훈 연기 너무 잘한다.. 영화 좋았어용
5.0,2026-02-04 09:05,제2의 임시완은 박지훈이다!
5.0,2026-02-04 09:56,보는 내내 응원하면서도 결말을 알기에 더 슬펐던 것 같아요. 천만 사극 열어주세요~!
5.0,2026-02-05 23:40,장항준 드디어 김은희의 신용카드를 반납하다.
5.0,2026-02-04 10:46,이제 박지훈 아닌 단종은 상상할 수 없다.배우로 더 멀리 도약하는 순간
5.0,2026-02-04 11:24,유해진 연기 미쳤습니다..
5.0,2026-02-04 09:45,마지막에 펑펑 울었습니다 박지훈 단종 그잡채!
5.0,2026-02-04 12:56,억지스러운 신파가 아니라 좋았어요!!잘 봤어요
5.0,2026-02-04 10:39,유해진이 하드캐리하고 박지훈이 찢은 영화
2.0,2026-02-18 19:40,세상이 나를 속이는 건가....?
5.0,2026-02-06 00:05,평점첨써보네요 단종배우 누군지 검색도 해봤네요 단종눈빛…그냥 미쳤네요… 유해진님이야 말해 뭐해요…!! 울 감독님! 이젠 마누라 돈 그만쓰고 떵떵거리며 사실듯합니다.좋은영화만들어 주셔서 감사해요
5.0,2026-02-04 14:39,진짜 영화관에서 볼만한 영화가 나왔네요 이런 영화만 나오면 진짜 우리 나라 영화 계속 천만 나올거 같네요 별 거지 같은 영화만 나오면서 우리 나라 영화가 망한다고 이런 영화만 나오면 우리나라 영화 절대 안망합니다. 재미있는 영화 나오면 사람들은 비싸도 극장 갑니다 쓰레기같은 영화 만드니 극장 안가지
3.0,2026-02-06 13:10,두 배우가 연기로 멱살잡고 끌고갔다. 시간 흐름에따른 개연성 연출이 아쉬웠다. 유대감이 켜켜이 쌓이는 느낌이 매우 부족했다. ㅠㅠ
5.0,2026-02-04 09:57,여운이 길어서 계속 생각나네요
4.0,2026-02-05 22:05,호랭이만 빼면 괜춘한 영화
5.0,2026-02-07 00:41,단종의  눈.엄흥도의 눈.한명회의 눈..눈이 다했어요.
5.0,2026-02-04 10:02,박지훈 연기 ....최고다
3.0,2026-02-05 15:59,"배우들 연기 정말 좋았다. 스토리 너무너무 좋았다. 연출 너무 아쉬웠다. a급 배우와 a급 스토리를 일일 드라마로 만들어버림,,영화 초반에 지루할만큼 별 의중없고 스토리상 짧게 끝냈어도 될 유배지 선택 과정이 너무 길었고, 차라리 그 시간을 단종이 마을에 스며드는 내용으로 채웠으면 둘 사이의 연대가 쌓이고 더 김동이였을텐데 너무 아쉽다 ㅜㅜ너무 중간 부준이 휘리릭 지나간기분 ㅠㅠ단종,,박지훈만이 할수없는 연기,,그리고 마지막 유해진 연기,,,,ㅜㅜ 미쳤다근데 둘 부자가 단종 묘를 몰래 모시고 행방묘연되어 죽을때까지 조용히 지냈다는 내용도 넣었으면,,,"
5.0,2026-02-04 12:38,박지훈님 용안부터 이미 큰일 난 영화입니다.
3.0,2026-02-08 00:31,하….너무 기대를 했었나보네요 연기는 말할게 없는데 연출이…영상미가…극한 몰입일때 번개는 왜 치는지 ㅠㅠ 여인천하입니까? 너무 올드하고 cg처리 좀 제대로 하지 슬프다가도 헛웃음만 ㅠㅠ
3.0,2026-02-07 20:54,너무 중반까지 가벼운 분위기였고 유해진 혼자 코믹영화 찍는 느낌? 갠적으로 몰입도 잘 안되던데 대중의 긍정적 반응이 좀 신기하네요
5.0,2026-02-04 20:56,박지훈배우 눈에 어린 서글픔이 영화보는 내내 마음을 저리게 만들었다.터지면 영화관서 오열할까봐 다른생각하며 눈물참느라 혼이났음ㅜㅠㅠㅠ
5.0,2026-02-04 09:23,웃다가 울컥하고.. 보고 나면 마음이 따뜻해지는 영화였어요! 설 연휴에 가족이랑 보기 좋아요
3.0,2026-02-08 01:04,스토리가 조금더 탄탄했다면 좋았을텐데..개연성 떨어지는 스토리때문에 몰입이 안됩니디ㅡ. 배우님들 연기는 감동적입니다 . 그래서 더 아쉬운 느낌
5.0,2026-02-05 08:48,이 영화의 가장 큰 수확은 박지훈의 발견
1.0,2026-02-09 19:44,한국 영화 위기를 느꼈습니다 진심으로.납득이 안가는 전개와 오글거리는 대사 그럼에도 보내는 찬사 트루먼 쇼인가요?
1.0,2026-02-09 16:18,내가 이상한건가 아님 댓글이 이상한건가 어찔어찔하네
1.0,2026-02-18 19:31,왜 관람객 평점이 높은지 이해할 수 없네요. 혹시하고 아주 조금 기대했는데 오랜만에 영화보고 화가 납니다. 장항준 감독을 좋아하지만 연출은 진짜 아닙니다. 마케팅에 속지마세요.
5.0,2026-02-04 11:18,이런 영화가 진짜 극장에서 봐야하는 영화같다.. 아침부터 2시간 순삭 완.. 단종의 아픈 이야기를 사람들의 온기로 가득채운 것 같아서 따뜻하면서도 가슴이 뻐근한.. 너무 아름답고 지켜주고 싶은 이야기 ㅠ
5.0,2026-02-04 10:28,캐스팅이 ㄹㅇ 찰떡으로 잘 어울리고 모든배우들이 자신의 옷 입은거마냥 안정적인 연기 보여주심. 개인적으로 연출도 괜찮았음!
3.0,2026-02-05 16:00,연기와 배우들이 모두 적재 적소에 좋았으나 이야기의 설득력이 너무 부족했다.... 왜 평민이 귀양온 상왕에게 동화되었을까? 왜 죽으려던 어린왕이 시골 평민들에게 깨달음을 얻었을까?
4.0,2026-02-05 09:03,유해진의 연기차력쇼와 박지훈이라는 배우의 발견영화 연출의 부족함을 연기가 커버해버림
3.0,2026-02-05 07:14,좋은 소재 좋지않은 연출
3.0,2026-02-08 00:36,개연성이 너무 떨어짐.관상이나 사도급을 기대했었는데 있을 수 없는 이야기전개들. 영화가 10년전보다 퇴보함.
2.0,2026-02-15 01:00,단종이랑 엄홍도 서사가 너무 부족하고 갑자기 엄청 친해져서 둘도없는 사이가 된 느낌그래서 슬픔이나 감동을 못받았다
5.0,2026-02-04 10:29,결말을 알아서 시작부터 슬펐던 ㅠㅠ
5.0,2026-02-04 10:15,용산CGV에서 7시40분 조조로 보고 나왔습니다. 너무 많이 울어서 속이 다 시원햅니다. 강추!!!
3.0,2026-02-08 20:34,"평론가 평점 보고 신뢰를 가졌는데... 중후반부 들어낸 부분이 많은듯 하다;;서사에 밀도가 갑자기 뚝 떨어져서, 의아하게 바라 봐지는 구간들이 생기니, 몰입이 되지 않더라;;"
5.0,2026-02-05 23:27,홍위가 환생한거같네 .. 진정한 단종이다 현생에선 하고싶은거 다 하면서 살아요
5.0,2026-02-04 09:24,"오랜만에 극장에서 보는 영화… 눈빛만으로도 표현이 되는 배우들의 연기 맛집..! 울다가 웃다가 또 울다가 감동과 웃음을 주는 영화.. 이 영화덕분에 역사공부도 다시 하게 되고 설에 가족들 다같이 보면 좋은 영화, 왕과 사는 남자 였습니다!!"
0.5,2026-02-18 02:15,완전 속았어요 진짜 욕 나옴 최악의 시대극평점에 속고 이런 영화 때문에 한국 영화가 갈수록 사람들한테 외면 받는 겁니다
0.5,2026-02-14 01:43,2026년의 연출이라고 보기엔 너무 올드하고 민망한 클리셰의 난립. 배우빨을 받았다 쳐도 심폐소생이 어려울 지경. 도입부에서 이어지는 호랑이 CG장면에서 이미 초장부터 망함. 각 캐릭터 의미부여의 진부함과 어거지 개그코드의 홍수로 인해 실제 역사 기반 스토리임에도 클라이막스 마저 신파로 보이게 되는 마법. 좋은 소재로 만든 유치한 졸업작품 느낌을 지울수 없다
5.0,2026-02-05 08:58,"개봉전 부터 기대가 컸고,10년만에 개봉 첫날극장에 가서 봤습니다. 마지막 20분은 펑펑 울며 봤어요.무거운 짐을 홀로 견뎌내야 했던 어린 왕이 넘 안쓰러웠습니다좋은 영화 만들어주셔서 감사합니다 감독님"
2.0,2026-02-18 18:40,진부하고 재미없어요 평점 이상함
0.5,2026-02-16 22:51,한국 관객들 수준이 낮은건지 알바들이 많은건지 평점 정말 이해안가네요. 억지스럽고 부자연 스러운 연출에 영화 소재에 어울리지 않는 손발 오글거리는 개그 때문에 끝까지 보기 너무 힘들었습니다.
1.0,2026-02-20 20:37,아 평점에 속았어. 아 진짜 평점 뭐지? 댓글 알바인가? 이건 말이 안된다. 영화 보자마자 10분만에 나가고 싶단 생각했고 결국 참다못해 뛰쳐나왔다. 못봐주겠다. 억지스러웠다. 이 영화는 경쟁작이 없어서 최대 수혜를 봤다. 어휴 돈아까워 진짜 진짜 진짜 돈아까워 아오 짜증나.
0.5,2026-02-17 11:16,눈이 높아진건가.. 한국영화는 영.. 억지스러운..
3.0,2026-02-10 13:51,이동진이 극찬한건 유혜진이었겠지정말 연출력은 이렇게 꽝일수가 없다 장항준은 실망 대실망 유혜진이 멱살잡고 끌어가서 그나마 살린영화
2.0,2026-02-17 01:47,진짜.. 이게 9점 짜리 사극이라구요..? 한국 영화 망해가는 거 투자 제작 쪽 문제라고 생각해왔는데 관객 책임도 있다는 걸 평점으로 알게 됐네요… 진심…뭘까…? 뭐지…? 어떻게 이게 9점짜리 명작 반열에 드는 영화라는 것? 이게 정말 광해 관상 왕의 남자 사도 급의 웰메이드 사극이라고..? 관객 눈 높아졌다면서요ㅠㅠ 단체로 퇴화한 거 아니냐고 ㅠㅠ
5.0,2026-02-04 11:25,방금  보고 나왔는데여운이 깊네요.이  영화 보려고 영월을 다녀왔는데그래선지 몰입도가 높았어요대박을 응원합니다
1.5,2026-02-19 11:02,이런 영화가 한달도 안되어서 400만이 넘은 한국 영화계 현실이 개탄스럽다
5.0,2026-02-04 10:29,배우들 연기가 미쳤음!!ㅠㅠ 흥행 기대해도 될 것 같아요
0.5,2026-02-18 10:50,관람평같은거 안쓰는 사람인데 이건 아니다싶어서 씁니다평점 높은거보고 기대감에 영화보러갔다가 너무 실망스러워서아무리생각해도 평점알바쓰는거 아닌지 의심을 지울수가 없네요아무 기대없이 봤다면 저는 10점만점에 6점까지는 줄수있겠으나여기 평균9점이 넘는 관람평에 사기당했다는 반발심과 더이상의 피해자들이 생기면 안되겠다는 생각에 0점 주려했는데 최소선택이 1개라서 별1개 줍니다
5.0,2026-02-05 04:07,"단종의 슬픈 이야기를 알고 있고,왕의 숨결과 얼이 함께 하는 영월에 사는 사람 입니다.영월에서는 작은영화관 영월시네마에서 영월주민들에게 무료시사회 행사를 했습니다.귀하디귀한 시사회에 초대되어 관람하고 왔습니다.단종의 이야기를 알고 있기에 영화 첫장면 아니 포스터를 보는 순간부터 맘이 짠했습니다.영월의 풍경과 함께 단종의 마지막 주검앞에 너무 가슴이 아리고 먹먹해서 눈물이 목덜미까지 축축해지는줄도 모르고 울었습니다.단종 잊지 말아주세요."
5.0,2026-02-04 18:08,단종역과 엄흥도의 연기가 아직까지 먹먹하게 합니다.여운이 길게 남는 영화네요
0.5,2026-02-18 01:46,연출이 엉망인데… 감독이 잘한건 캐스팅뿐. 연기만… 연기만 좋다. 네 상대는 나다. 이게 진짜 좋다고? 진심으로?
1.0,2026-02-18 15:20,"내가 이상한건가ㅠㅠ일단 너무 지루함,,,그리고 유해진과 단종이 유대감 쌓는 개연성이 너무 떨어지는 거 같음 그냥 억지 감동 같았음,,이게 왜 평점9점에 천만관객 가니마니 하는게 이해가 안감 그래도 유해진,박지훈 연기하나는 정말 미쳤음"
1.0,2026-02-15 17:48,진정한 역사적 사실은 어디가고 없고 억지로 눈물 짜내게 하는 최악의 영화
5.0,2026-02-04 11:07,단종의 이야기를 아는 사람들이라면 누구나 공감. 감동 받을만한 극이었어요!  관객들 다 주륵주륵..ㅠㅠ 전반부는 유쾌하고 후반에 몰아치는 이야기들이 인상적 ㅠ샤갈..또봐야지..내돈...그래도 내돈내산으로 또 볼게요
2.0,2026-02-10 15:16,"장항선 감독이 유퀴즈에 나와서 이 배우들로 성공못하면 감독 탓이라 했는데, 감독 탓해야겠음.연기력 좋은 배우들로 시나리오가 너무 준비과정 없이 급하게 흐르고 대충이다. 소극장 연극무대에 어울리는 시나리오로 영화를 촬영한 느낌."
5.0,2026-02-05 08:55,중반부까지 웃다가 마지막에 오열하고 눈 퉁퉁부어서 나옴 ㅠㅠ 배우들 연기가 미쳤어요 저 캐스팅만으로 장항준 감독 인정
2.0,2026-02-18 15:48,이야기 전환이 뚝뚝 끊기는 느낌. 왜 이 영화가 1위지?
1.0,2026-02-18 00:53,이게 평점 9점이라고?요즘 평점 알바 함? 평점에 속아서 봤다…화가 난다
0.5,2026-02-18 18:58,"최악의 시나리오와 연출, 조잡한 CG로 어두운 한국영화를 더욱 암흑으로 만드는 영화임"
5.0,2026-02-05 08:49,"박지훈, 유해진 연기 대박"
3.0,2026-02-18 15:30,장항준이 얼마나 감독으로서의 능력이 형편없는지 증명하는 영화였다. 스토리라인 좋고 배우들 연기가 저리 좋은데도 집중하기 힘들었던 편집능력에 말도 안되는 개그를 중간중간 껴 넣은것도 분명 장항준일 것이다. 스토리는 너무 잘짰다. 단종의 유배지에서 벌어지는 이야기를 한재림이나 이준익 감독이 디렉팅을 했다면 대작이 됐을텐데 아쉽다
1.0,2026-03-04 21:06,요즘 영화 볼 게 정말 없나보다 ..실망했음. 유배지 영화 보고싶다면 자산어보를 한번 더 보길.
5.0,2026-02-05 08:09,"영월 장릉단종의 생애와 백성들의 삶이 종이에 베인 듯 아리고 슬픕니다. 박지훈, 유해진 배우와 모든 배우분들께 찬사를 보냅니다. 박지훈 넘 잘생겼다♡연기 넘사벽, 단종에게서 벗어나기 힘드실 듯..."
2.5,2026-02-15 09:32,개연성을 중요시여긴다면 아닙니다 이영화는쇼츠로 보고싶다면 괜찮습니다 9점이 넘는 평점이 난무하는걸 보니 세상이 억까하는느낌이 듭니다. 진심이십니까 모두
0.5,2026-02-17 23:31,우리나라에서 가장 무능한데 가장 운이 좋은 사람이 만든 영화. 절대 보지 마세요. 알바들 니들이 더 나빠!! 0점인데 0점이 없네.
5.0,2026-02-05 07:54,개봉하자마자 달려가서 봤는데...극장에 사람은 많지 않았지만 영화는 극장을 꽉 채웠다.멋진 조연으로만 생각했던 유해진의 완벽한 주연 데뷔작인 듯...왜 그렇게 다들 훌쩍이던지... 나도 눈물 꾹 참았다.정말 재밌는데 따뜻한 영화가 오랜만에 나왔다.
0.5,2026-02-18 00:09,"모든 장면장면하나에 참신함이라고는 찾아볼수없었고여기저기 어디서 어느장면 레퍼런스로, 짜깁기했는지 어처구니없을만큼 잘보여서 부끄러웠다이 영화가 정녕 '왕의 남자'가 나온지 20년이 지난 후 한국 극장에서 상영하는 사극영화라니,,오랜만에 찾은 영화관에서 보는 내내 한국영화 장례식같아서 빨리 뛰쳐나오고싶었다"
1.0,2026-02-17 00:54,이게 재밌다고?이게 슬프다고?이거 평점이 이상하다.평점조작도 가능한가?
1.0,2026-02-18 10:14,뻔하고 식상한 유해진 코믹연기. 뻔한 마지막 신파극. 전체적으로 아쉬움이 많은 영화
1.0,2026-02-18 00:22,"안타깝지만 평점을 이해 할 수 없네요.. 박지훈 배우님 발견은 너무 좋았지만, 스토리도 그렇고 솔직히 전체 연출이 좀 그랬어요ㅜ 7점 정도는 주고싶은데 전체 평점이 너무 높아서 이렇게 남깁니다. 꾸준히 도전하시는 모습은 본받겠습니다. 화이팅!"
1.0,2026-02-18 20:10,유해진 연기는 좋았으나 스토리가 진부했음. 뻔한 느낌의 사극
1.0,2026-02-18 19:30,"별점 맞춰야돼서 별하나드립니다. 평점 9점대 영화는 절대 아님.광해, 관상급 사극영화 절대 아님.설날 부모님 모시고가서 보기에 무난한 그이상도 이하도 아님.적절한 평점 7.8~8.2 사이라고봄"
5.0,2026-02-05 09:11,매번 OTT스런 영화만 나오더니 간만에 영화관에서 볼만한 영화가 나왔네요. 유해진의 열현..웃다가 울다가...ㅎㅎ
1.0,2026-02-18 19:56,"억지  강요된 감동, 과장된 유머, 과도한 신파..똑같은 유해진 연기, 개연성도 부족, 차라리 유지태는 괜찮음. 너무 지겨움.  영상미는 좋음."
3.0,2026-02-18 15:44,장항준 연출은 믿고 거르기로 결심함. 그정도 업력에 이런 연출은 재능은 둘째치고 평소 연출 공부도 안하는 거임. 배우들 연기가 아까웠음.
2.0,2026-02-08 18:24,조금 내용이 아쉬운 영화기대에 좀...단종의 가슴서린 내용이 부족한 영화이며 마지막 다듬움이 좀 부족한 아쉬움...
2.5,2026-02-07 20:28,"별점에 속았다. 단종비사로 적당한 신파말고 감독은 대체 뭔 얘기를 하고 싶었던 걸까? 어중간한 코미디, 어중간한 신파."
2.5,2026-02-18 19:02,인기 끌만한 영화는 절대 아니라고 생각합니다
5.0,2026-02-05 08:33,"확실한 건 세조는 역사의 죄인으로, 단종은 역사의 증인으로 남았다는 것"
1.0,2026-02-19 10:41,보는내내 이게 맞나? 란 생각만 들게한 영화 유해진 배우 연기는 너무 오바되어서 보기 불편했고 중간중간 유해진역과 유지태역이 단종에게 선넘는 언행은 안그래도 몰입이 안되는 영화에 찬물을 끼얹었음. 아무리 유배된 왕이지만 왕에게 ? 이정도 각색과 미화면 차라리 가상의 인물로 영화를 만드는게 스토리 제약도 없고 나았을 것임.
2.0,2026-02-16 17:28,좋은 스토리이지만 연출에서 아쉽습니다.인물들 사이의 유대감에서 개연성이 떨어져서 감동이 좀 더 올수 있는 장면에서 반감되는 느낌이었어요. 왕과 촌장과 마을 주민과의 연대부분이 너무 약해서 뒤에 촌장의 행동이 와닿지 않고 납득이 잘 안되는 부분도 있었습니다.
3.0,2026-02-05 19:20,아 쓰읍  쓰읍입니다 쓰읍 쓰읍 감독님 모든 배우듳이 아까워요
2.0,2026-02-08 01:06,잘모르지만.. 클래식한 연출과 각본처럼 느껴진다.영화감이 없는듯하다.
1.0,2026-03-06 21:47,너무과대평가된듯 솔직히 별로재미없었는데...
2.0,2026-02-18 10:07,미안하지만 cg보고 깜놀... 호랑이 잡는 장면 중요한 장면인데 어디 아프리카에서 만든 영화인줄.. 유해진이 너무 오버 액션하려고 티나고. 역사를 상상하는건 좋지만 방구석에서나 혼자했을 어처구니 없는 내용이 참..
1.0,2026-02-17 23:29,나도 평점 낚여서봤다. 니들이라도 구제해주려고 평점 남긴다. 온통알바들 뿐이네..
0.5,2026-02-18 14:23,알바들의 승리네요.몇년만에 거하게 낚였네요.TT
0.5,2026-02-18 18:05,"개연성이 너무 부족하다. 어설픈 호랑이 CG까지는 어떻게든 참고 볼 수 있었지만, 이야기 전개가 전혀 설득력이 없다. 감정선 억지스럽게 느껴져 몰입이 어렵다. 돈 주고 두 시간을 버린 기분이다.그럼에도 배우들의 연기만큼은 인상적이었다. 이런 상황에서도 끝까지 연기해낸 점은 높이 평가하고 싶다.작품 자체만 보면 6점 정도는 줄 수 있겠지만, 알바생 10점 테러로 평점이 왜곡되는 모습에 실망해 균형을 맞추는 의미로 1점을 준다."
1.0,2026-02-10 16:42,진짜 개노잼인데 평점 실화입니까?
0.5,2026-03-10 01:45,주변 반응에 속아서 봐버렸다. 10만도 아까운 영화엘리베이터 타고 나오는데 관객들이 전부 욕하면서 나옴장항준 감독이 왜 자신있게 공약을 걸었는지 알것 같음
0.5,2026-03-07 00:06,진짜 한국영화수준... 심각합니다 이게 천만영화되면 정말 대한민국 망신입니다.
5.0,2026-02-04 20:00,유해진 영화면 믿고 보는 게 있는데 역시 오랜만에 웃고 울 수 있었던 영화였어요. 단종 관련된 스토리로 몰랐던 부분도 있었고 여러모로 감동이었어요. 남편과 함께 보러 갔는데 둘다 웃다 울다 덕분에 데이트 잘 했어요. 참고로 전 세대 재밌게 관람 가능할 것 같아요.
2.0,2026-02-10 05:30,"평이 좋아서 간만에 극장을 찾았다가뛰쳐나갈뻔,한국영화의 수준이 이정도인줄몰랐네.EBS교육영화보는줄ㅋㅋ배경음악없이 카메라고정시켜놓고 배우들교과서읽는 톤으로 대사치는데 오그라들어서 오징어될뻔"
2.0,2026-02-18 15:14,"유해진 연기말고는 솔직히 스토리도 연출도 각본도, 억지로 웃길라고 하는것도 다 별로인데, 운이 좋은 감독 같습니다."
5.0,2026-02-05 09:16,한번 더 보고싶은 영화. 기대감이 높은 영화였는데 그 기대감을 다 충족시켜줬음. 단종 안아..
0.5,2026-02-23 22:33,"형편없는 연출, 개연성 없는 스토리, 억지감동.."
0.5,2026-03-08 10:38,위다한 승리다~~!!!   마케팅의~
0.5,2026-03-07 00:34,"6,7점 정도 받으면 되는 평범한 영화가 왜 천만관객의 탈을 쓴 지 모르겠다. 너무 고평가라 점수를 깎고 가고 싶어진다. 관상도 천 만 못가지 않았나? 나는 유해진이 아니라 엄흥도를 보고싶었는데 예측가능한 범위의 유해진식 유머는 개인적으로 유해진의 너무 팬이지만..이제 대중들이 원하는 유해진의 소시민적 영웅 이미지를 감독들이 너무 안전하게 복사하는건 아닌가 생각해본다. 50대 아줌마들만 깔깔거리고 웃는데 도대체 언제적 유머코드인지...단종의 죽음을 다루는 정극에서 씨발이란 말로 웃기는게...ㅋㅋ 한국영화가 이정도로 밖에 유머코드가 없나...실망스럽다. 천만열풍에 내가 동참했다는 오명을 남기다니 유지태 연기도 소문난 잔치에 별거없다는 말이 딱 맞을 정도로 물음표를 자아낸다."
1.0,2026-03-09 23:45,거품이 많습니다. 리뷰가 알바일까요..아니면 나만 당할수없지 해서 안 알려주는걸까요ㅠ 가끔 피식할만한건 유해진영화에 항상 있듯 조금 있긴해요. 그치만 이게 왜 눈물바다 된다는것인지..단종얘기 안타깝긴하지만 이 영화를 꼭봐야하는 이유는 모르겠어요.
2.0,2026-03-07 10:34,"유행에 미친 나라라 천만이 넘지 않았나 싶음. 픽션이나 작품성이 나쁜 건 아닌데, 천만은 오버슛이다.두쫀쿠에 열광하던 족속들이 쏘아 올린 작은공과 비슷한 상황."
1.0,2026-03-08 01:25,천만 관객 영화라기에 기대하고 봤더니이게 광해랑 같은 천만영화라고..?너무 억지 훈훈모드로 끌고 가는게 보여서 오글거렸는데…
0.5,2026-03-06 00:39,세상이 날 속이나이게 정말 천만이라고?이게 진짜 감동적이라고....?호랑이 cg는 둘째치고...맥락 없는 연결과 클리셰들은...?ㅠㅠ
1.0,2026-02-14 01:23,"OTT로 나왔으면 10분 보다가 껐을 영화다.무슨 의도로 만들었는지 짐작조차 안간다.재미있는 이야기라기에는 이야기가 너무 무겁고,감동을 주고자한 이야기라기에는 공감이 안되고,메세지를 주고자한거라면 내용이 없다.장항준. 실망이다."
5.0,2026-02-05 01:59,단종…너무 슬픔ㅜㅜ..
5.0,2026-02-04 10:40,박지훈 배우 그동안 연기 열정이 끓어 오르더니 단종 연기에서 100도 끓는 점 돌파!
1.0,2026-02-10 16:25,진짜ㅏ 세상이 날상대로 몰카를 하나…이게 재밋음???레알로??진짜로?? 영화 관상을 천번보겟음
0.5,2026-02-19 01:24,이렇게 연출 각본 정신사나운 영화 태어나서 처음 봄
5.0,2026-02-04 10:26,보고 싶었던... 다시 보고 싶은 영화...
0.5,2026-02-09 16:07,"세상이 나를향해서 몰래카메라를 하는건가... 평점이 믿겨지지가 않는다.네이버 평 거의 안남기는데 써본다.역대 최악의 영화 세손가락 안에 들어간다.신파, 클리셰 범벅인 한국영화, 적지 않고 무조건 비판적으로 보지 않는다.기존에 잘 먹혔던 안정적인 공식같은 것이고 잘만 쓴다면 영화를 더 풍요롭게 만드는 기술이라 생각한다.하지만 이건 뭔.... 2026년에 만든 영화라는게 믿겨지지가 않는다.허접한 호랑이 CG 같은 것만으로 영화를 평하고 싶진않고, 억지스러운 내용전개와 연출, 공감이 전혀 되지 않는 대사와 눈물 쥐어 짜내기, 본지 10분만에 결말까지 완벽하게 예상하고 적중했다.솔직히 너무 실망스러웠다. 중간에 억지 설정이 난무하여 한숨쉬며 나가자고 했던 친구말을 거부하고 그래도 끝까지 믿음을 가지고 봤는데 정말 미안했다.배우들의 연기가 좋아서 더 비참했던 것 같다. 분명 배우들도 납득이 안됐을텐데 정말 고생 많이한것 같다."
0.5,2026-03-06 00:48,1000만은좀..오바다 운이좋은 영화. 28번봣다는 사람 있던데 이해불가
3.0,2026-02-13 09:37,어딘가에서 본 듯한 장면만 가득한 영화주-조연 배우들의 연기는 훌륭했다
1.0,2026-03-09 14:07,왜 천만이 넘은건지  이해가 되질 않는 영화.  유해진 연기도 넘 오바스럽고...
1.0,2026-02-24 07:33,성폭행 논란인 모 배우를 왜 캐스팅한걸까? 역시 감독이 남자라서 그런걸까? 연기를 잘하는 것도 아니고 대체 가능한 배우가 많을텐데. 좋은 작품에 성추문이 묻어 아쉽다.
5.0,2026-02-05 16:47,"장항준 감독이 왜 단종은 박지훈이었어야만 했던 이유가 있었네요, 모든 배우들의 연기들이 좋았고 유해진 역시 믿고보는 배우라 이번에도 웃기고 울리고 다하심.. 특히 최고의 발견은 박지훈 인것같네요. 영화제에서 상 휩쓸듯"
5.0,2026-02-05 08:38,"믿보배 유해진님 때문에 봤는데,, 다~ 너무 좋았어요! 특히 이런 스토리.. 너무 의외지만, 너무 감동인. 눈물 한바가지 쏟구,, 자막이 다 올라가도 못 일어난 영화!! 장 감독님 대박나셨슴 좋겠습니다~~"
3.5,2026-02-11 17:26,평점이 이 정도까지는 아닌데 알바 좀 풀었나라는 생각이 들었음. 평론가들 평이 알맞음.
1.0,2026-03-05 23:05,26년 ai돌린것보다 못한 CG / 짜맞추기위한 개연성 없는 스토리 / 이딴게 왜 평점이 높은거지 ㅋㅋㅋ
0.5,2026-03-08 10:05,천만관객이라고 영화의 퀄리티가 높은건 아님
1.0,2026-02-08 18:52,지금 보고나왔다!초반 조금 지나자마자 졸았다.평점에 완전 속았다! 호랑이 나오는 장면 CG는 진짜 너무 허접!!중간에 졸다가 시끄러워서 깼다(싸움장면)마지막에 유해진 줄땡기는 장면 하나만 기억난다.항준아 너는 제발 영화 그만 찍어라!결론은 나처럼 영화관에서 돈주고 보기 진짜 아깝다!별2개 주려다가 알바들이 너무 많은거 같아서 별하나다.
2.0,2026-03-06 23:55,대한민국 국민 수준이 의심됨..정말 9점이 맞나..?
2.0,2026-03-05 23:15,"이게 왜 천만,,? 완전 신파영화에 연기 말곤 볼 것도 없음"
5.0,2026-02-15 12:36,연기자들 역시 연기가 너무 대단했고 박지훈...내가 그에게 색안경을 끼고 있었다는것을 ..반성하게 되네요 ..아직도 그의 눈빛이 아른거립니다.. 내 기억속의 단종은 앞으로도 박지훈의 연기속의 단종으로 기억될듯 하네요
5.0,2026-02-14 23:55,박지훈 배우는 단종 그 인물이었다 다른 대체할 배우가 떠오르지 않는다 오랜 시간 역사를 공부한 사람으로서 오랜만에 가슴 한편에 여운을 주는 작품이었다
1.0,2026-02-19 18:50,유해진 혼자 다했다. 이게 어딜봐서 영화냐? 배역이라고는 몇명없고 호랑이 노루는 만화를 그려놓고 제작비 아껴도 너무 아꼈더라.  명절 경쟁작 없어 이거보지 아바타랑 붙었으면 폭망이다.
5.0,2026-02-17 05:44,전 박지훈 관심도 없었는데 이 영화보고 팬이 됐음 진짜 그냥 단종 그 자체임... 표정 웃음소리 눈빛... 목소리 발성....
5.0,2026-02-05 09:17,"2n년 빠수니 인생 스쳐간 최애 중 가장 열심히 좋아했고 사랑했던 지후니... 단종 스토리도 스토리지만 1군아이돌에서 배우로 너무 멋지게 성장한 지훈이를 보면서 더 눈물이 났던 거 같음 우리 지훈이 원래 너무 잘하는 거 알고 있었고 잘 될 줄 알고 있었다 지훈아! 난 아직도 폰 비밀번호 990529야 안바꾸길 넘 잘했지 ㅋㅋㅋ 좋아하길 참 잘했다라고, 좋아한 걸 후회하지 않게 만들어줘서 너무 고마워 성공한 첫사랑 보는 거 같네 너무 대견하고 장하고 고맙고 뿌듯하고.. 영화 보면서 이상한 감정이 들었다 스크린에서 볼 날이 올 줄이야!! 더 높이 올라갈 지훈이 이제 칸에서 보자! ㅋㅋㅋ 미리 천만배우 축하해 화이팅!"
5.0,2026-02-05 07:47,장항준 감독님 좋아해서  사실 아무 기대없이 갔다가?  꺽꺽 거리고 울다 나왔네요.스토리 너무 슬프고 비극적인 역사적 사실 바탕인거 알고 본건데 지루할틈 없이 빠져들었어요.몇년만의 첫영화 아주 대만족입니다.꼭 휴지 들고 보세요. 안그럼 옷소매 다젖어요 ㅋㅋ
1.0,2026-05-06 01:04,영화적으로 헛점이 한가득한 이런 영화가 1600만을 달성했다는거 자체가 수치스럽다.
1.0,2026-03-08 07:18,흠…. 감독의 연출력이 이정도밖에 안되다니..너무 실망스러웠음.
1.0,2026-03-05 17:43,"너무 영화가 억지스럽고 유치해요.. 억지 서사, 억지 감동, 억지 재미. 눈물 하나 안나고 하품만 나왔어요. 이런 영화가 천만이 다와간다는게 참..박지훈에 대한 팬심으로 흥행이 되는 것 같아요"
1.0,2026-03-05 16:58,허접한 호랑이 cg와 그에 얽힌 서사는 어찌 그리 똑같을까?오글거리는 신파에도 천만으로 답하는 이 나라 관객들의 너무도 착한? 수준에 탐복할 뿐이외다!
1.0,2026-03-05 05:13,연기가 너무 떠있다. 촬영장 분위기가 너무너무 좋았나보다. 어떤사람은 못견디겠는지  영화시작 10분있다 탈출했다. 팝콘과 영화비가 아까워 끝까지보긴봤다. 억지로 울고싶지도않고 괴로웠다. 억지웃음 억지감동 이런배우들로 저런 영화를? 이라는생각이들었다. 사람들은 개인적으로 다 좋아하는 사람들이지만 영화는 너무 아니였다.
0.5,2026-03-12 19:37,장항준이란 이름에 천만이라 의아했다. 역시나 이게 과연 객관적으로 천만영화인가? 코믹도 정극도 감동도 아닌 그 어중간한 영화. 좀 더 사실적으로 아니면 좀 더 극적으로 묘사했더라면 티켓 만원이 아깝지않았을 것이다. 어설픈 코믹사극? 정통사극? 이도 저도아닌 시간이 아까운 영화... 80년대 극중 막판 억지감동 어거지 결말.. 정말 비추한다.
1.0,2026-03-09 22:56,"왜 천만인지 전혀 모르겠네요..연기빼고 100만도 아까운 영화입니다..신파범벅에 완전 구시대적 연출(천둥,이상한개그,억지감동 등)..오랜만에 영화관 갔는데 역시 한국영화와 수준은 아직멀었네요..(박찬욱,봉준호 등 명감독은 제외입니다)"
0.5,2026-03-09 22:20,"사극영화, 드라마 정말 좋아하는 부부입니다.아 정말 이 정도밖에 못하는 서사인가요?단종이 폐위한 후 2년 4개월의 기간을 이런식으로밖에 못 꾸미나요? 정말 너무 실망스러웠어요.  실제 역사를 담은 이야기에 담기지 않은 야사에 한 소재인거라 너무 기대를 많이 했나봅니다.  젊은 폐위한 왕을 보필하는데에 그 아련한 슬픔, 마음대로 죽지도 살지도 못하는 폐위한 왕과 생기는 유배지의 비밀스러운 관계들  .. 호랑이부터 무슨 의미인지는 알겠어요. 근데 진짜 중간중간 뜬금없는 짜치는 클리셰와 의도한 유머들 모든 것들이 전혀 즐겁지 않았습니다.엄흥도라는 캐릭터를 유해진배우가 너무 가벼운 소재로 만든 것이 아쉽습니다. 솔직히 왕조실록에 담지 않은 상상 속의 내용을 담은 사극이 얼마나 많아요. 드라마, 영화 등에서도 감동과 서사가 있는데 이건 뭘 의미하는 영환가요?정말 낚인 기분이에요. 부모님하고 시부모님 모시고 갔는데 모두 실망하고 돌아가는 길입니다."
1.0,2026-03-09 15:04,허접한 수준이하 감독의 각본과 연출을 연기력으로 이겨낸 작품....CG 부터 설정 스토리...흥미포인트가  매우떨어지는 작품....안본눈 사고싶습니다... 천운이란 복불복...이라니...
3.0,2026-02-07 19:32,자세한 역사를 알지못하나.. 유해진님이출연하시는 영화라 보게되었는데.. 왕과 마을 사람들과의 삶을 좀더 다루어 졌으면 마지막 죽음의 장면에 더 몰입도가 있지 않았을까 하는 생각이 들었어요
0.5,2026-03-10 00:56,웃음은 유치하고 슬픔은 과장되고
0.5,2026-03-08 08:14,거장아닌 아장...마케팅이 거장
5.0,2026-02-11 20:16,연출 연기 다 너무 감동이에요.. 최근에 본 영화 중 가장 최고네요.
5.0,2026-02-09 13:29,"눈물 광광....유해진, 박지훈 배우의 합을 넘어 부성애마저 느껴졌던..."
2.0,2026-02-23 01:46,너무 아쉬운 영화. 감독의 연출 수준… 어설픈 호랑이 ㅠ
2.0,2026-02-23 21:26,너무 기대를 하고봐서 그런가
5.0,2026-02-16 12:21,영화를 본 지 며칠이 지났는데도 아직 여운이 가시지 않았습니다. 정말 오랜만에 본 사극영화인데 보기를 너무 잘 한 것 같아요. 아버지랑 같이 봤는데 둘 다 마지막에 눈물 흘리면서 나왔네요 ㅠㅠ 배우님들의 연기력에 정말 과몰입해서 봤어요. 설 연휴에 가족들이랑 보면 딱일 것 같습니다. 저는 쉬는 동안 역사책을 다시 펴야겠어요
5.0,2026-02-11 03:29,단종은 너여야만해. 박지훈.
5.0,2026-03-13 11:11,영화관에 걸려 있을때 한번 더 봐야지// n차 관람해도 좋은 영화 많이 없는데 왕사남은 박지훈 눈빛보러 자꾸가고 싶어짐
0.5,2026-03-08 07:32,이 영화가 천만영화라니~ 괜히 보고 속았다장항준 감독 연출을 믿은 내가 잘못이네요
1.0,2026-04-30 16:24,와..근데 진짜 한국영화 수준 처참하다.. 이게 이렇게까지 평점이 높고 천만이상 볼 영화인가? ... 다들 나 연기하고 있어 날 봐. 나 개그하고 있어 날 봐.
0.5,2026-04-30 15:01,"이딴 영화가 1600만이라니 믿기지가 않는다. 스토리가 좋냐, 영상미가 있냐, 연기는 배우들이 평타는 쳤는데 영화에 몰입이 안되니 연기가 무슨 소용이냐. 도대체 어떤 포인트에서 영화가 재밌다는 건지 도무지 이해가 안감. 단종에 대한 단편적인 사실들로 각색한 영화를 진짜 역사인 마냥 받아들이는 국민수준도 참담하다. 올해 최악의 영화임"
1.5,2026-03-08 07:57,"이영화가 솔까 천만맞냐?  요즘 조사는 믿을만한게 하나도없는 시국같다, 변화없는 유해진의 연기도   식상하고 배경 연출cg, 도대체 천만은   어디서나온거지?"
5.0,2026-02-14 09:11,왕의 눈에 모든것이 담겨있다
5.0,2026-02-09 13:23,오랜만에 영화관가서 펑펑 울었어요 연기 너무 잘하잖아요 박지훈 유해진 !!! 최고 ㅠㅠ
5.0,2026-02-05 02:19,정말 어리지만 신분 때문에 어리광도 못 부리고 억지로라도 어른의 모습이어야 했던 단종의 모습이 더욱 안타까움과 동시에 단종의 조선이 궁금해지기도. 오랜만에 시간 가는 줄도 모르고 몰입해서 본 영화인 것 같음.
5.0,2026-02-06 18:20,박지훈 눈빛연기 압도한다 진짜  눈빛이 서사임
2.0,2026-04-30 17:34,이런영화가 1600만이라....진짜 놀랍다
2.0,2026-04-30 15:19,내가 이상한건가...1600만 이라니..입소문이 무섭긴 무섭군. 군중심리가 이렇게 무섭습니다.
5.0,2026-02-14 23:58,"배우 박지훈의 연기력과 발성으로 단종이 환생한듯 빠졌던 영화, 외모 또한 수려한 천만 배우 탄생할 듯"
2.0,2026-03-05 15:12,"오늘 보고왔는데 감독에게 특별히 악감정 없지만 장항준 이정도 영화 만들고서 어디가서 거장이라고 거들먹거릴 생각마라. 거장의 발톱에 때만큼도 못감. 그냥 전형적인 한국식 뻔한 억지 서사. 단종이 가진 서사 그 자체가 그냥 슬플뿐이지 무슨 감독의 역량으로 새로운 감동을 만들어낸게 전혀 아님. 오히려 서사를 이렇게밖에 못쌓았나 싶을정도로 실망스러움. 호랑이는 말을 말자. 오히려 cg어설픈건 아무것도 아님. 유해진도 참 좋아하는 배우지만 2시간내내 고광렬을  지울수가 없음. 오히려 유지태 연기 좋았고 단종캐스팅 굿. 단종눈빛만 남은 영화. 이 영화보고 그냥 감동적이었다, 슬펐다, 단종에 대해 역사에 대해 알게되었다 정도라면 충분하지만 걸작이라느니 명작이라느니 장항준이 거장이라느니 할 사람은 앞으로 영화보지마라…"
5.0,2026-02-11 20:17,잔잔히 계속 기억에 머무르며..몇백년전이지만 지켜주지 못하여 울컥울컥 하네요...
5.0,2026-02-07 23:14,감동의 여운이 가시질 않는 영화!마지막 신은 오열하면서  봤습니다배우들 연기 미쳤구요박지훈 배우님은 단종 그자체였습니다
5.0,2026-02-05 16:29,"단종에게 너무나 가혹했던 역사를 새로운 관점에서 재조명한 영화. 어리지만 기개있는, 슬픔가득한 눈으로 열연하는 박지훈과 역사 속의 실제인물 엄흥도 역 유해진 충심때문에 눈물 흘리는 영화. 가족들과 보기에 너무 좋은 영화."
5.0,2026-02-05 08:14,"유해진 보려고 갔다가 박지훈보고 운 1인... 남편이랑 같이 보면서 웃다가 울다가 감동받아 또 울다가.. 이건 많은 사람들이 봐야할 작품이라고 생각합니다. 배우들 연기력, 스토리 뿐만 아니라 영상미까지 이 영화가 왜 이제 나왔나 싶을 정도네요!"
1.0,2026-06-01 03:35,"진심으로 보다 중간에 껐는데 이게 어떻게 관객수 단순 천만을 넘어선,올해를 되새길 아이콘이 될 수준의 역대영화에 손 꼽히는거지 단 몇분의 서프라이즈나 교육채널 e에 나올 사극 시리즈가 더 재밌을 거 같은데 영화에 대한 단편적인 재미가 문제가 아니라 그냥 유치하고 개연성도 없고 그래도 그렇게 왈가왈부된 영화니 한 포인트가 있겠지 하고 기다린 시간이 아깝다 그렇게 눈물쏟는다 인생영화다 하는 다른 분들 감상평을 보고 요즘 같은 영화시장에 현시점 한국 관객들 수준이 안타까울 뿐이다"
1.0,2026-05-08 01:43,돈아깝네요ㅠㅠ 이게 도대체 왜 1600만을 찍었는지 모르겠어요
0.5,2026-05-05 23:21,내 인생 첫 관람평아 돈 아깝다ㅡㅡ
1.0,2026-05-16 22:07,이거 혹시 저만 별로 재미없게 봤나요...??오히려 광해나 관상이 더 재밌었던거 같은데....뭔가 계속 감동포인트를 주려고 하는거 같긴한데 저정도까지 슬플일인가 보게되고..유해진 연기는 뭐 일품이었는데 주변에 서사라던지 갑자기 음식먹는거도 그렇고...대충 뭔내용을 전달하려는지는 알겠는데 마지막때도 그냥 별 감흥도없고....이게 왜 천만영화인지 뭐 많은분들이 눈물흘렸다던데 눈물 나오는 포인트도 모르겠고..뭔가 기대보다 너무 훨씬 못 미쳐서 그런지 별로였어요...주연배우가 진짜 중요하긴한듯.. 이병헌 광해는 눈물도있었고 재미도있었고 관상도 그렇고 재밌었는데왕사남은 그냥 그럭저럭이네요... 이걸보고 뭐 인생영화다 하시는분들은 대체 뭔 영화를 평소에 보고계시는건지...
1.0,2026-05-11 10:51,완전 사기 당한 느낌 스토리도 연기도 연출도 최악임 이거 완전 작업해서 천오백만 만든거같음 경찰수사가 필요함
0.5,2026-05-11 00:20,도대체 이게 왜 천만임?
0.5,2026-05-10 21:39,이영화가 1600만? 이딴 형편없는 국뽕 영화 볼바에 광해나 아니면 같은 시대 스토리 영화인 관상을 한번더 보시길 1600만 ㅋㅋ 진짜 한심하다
0.5,2026-05-09 15:46,뻔한 대사와 스토리는 그나마 괜찮았는데...너무나 엉성하고 촌스러운 짜임새와 편집은 보는내내 좀 힘들었네요우연히 어제 왕의남자를 봤는데 너무나 비교되는 연출을 보고나니 최근의 국내영화는 퇴보하고 있는것 같이 느껴집니다개인적인 감상평으론 너무 실망스러운 영화였어요
1.0,2026-05-09 01:13,유행에 뒤쳐지면 죽기라도 하는 줄 아는 국민성이 만들어낸 기괴한 결과...
3.0,2026-05-06 20:38,도대체 뭐가 감동인지 모르겠음 .. 서편제보다 못한테 천만이라니 ..감상평 쓰기도 귀찮네.
0.5,2026-03-11 16:35,한국인 특 ㅋㅋㅋ 별거 아닌 영화 몰려서 우루루 보게됨 ㅋㅋㅋㅋ
0.5,2026-03-09 17:11,역사영화 중 역대급 씹노잼 다큐가 더 잼씀광고 언론플레이 성공작이고 ㅋ
1.0,2026-03-09 15:55,영화를 보는 목적을 잃었네요. 연출이 이게 뭡니까. 이런 영화가 천만이 넘어가면 한국 영화씬은 어떻게 되는건가요. 암담하네요..
3.0,2026-03-07 10:32,몰아주기 광고 효과로 천만 찍어준듯  볼만은 한데 천만까지 가는게 ㅋㅋ신기함
0.5,2026-03-06 23:41,"국산 쓰레기저예산 조무래기 영화임, 이거 돈주고 보지마세요 역시나해서 한번믿고 봤는데 재미없음차라리 이거볼빠 호퍼스 봄"
1.0,2026-03-06 19:49,박지훈이라는 사람을 연기자로서 다시 보게된 계기외엔 이렇다할 서사도 연출도 연기도 없었다..실화를 눈물을 쥐어짤 신파로 만들기위해 각색을 더럽게도 했다.. 유해진씨의 중얼중얼 에드리브도 사실 이제 좀 물린다.. 이런 영화에 천만이 쏠리면 계속 이런 아류작들에게만 투자가 몰리고 진짜 좋은 작품들은 외면받겠지.. 능력있는 감독들은 헐리우드가야된다..여긴 노답스.. 허접한 CG과 어설픈 개그코드는 그저 도울뿐..
2.0,2026-03-05 16:25,연기력은 정말 좋네요... 근데 그냥 너무 억즙이라 기대하고 가서 그런지 좀 실망했어요ㅜㅜ
2.5,2026-03-04 22:00,지루.. 유치.. 유해진 연기는 신들림. 천만 영화는 운빨이구나... 장감독이 천재는 아니구나... 느끼고 왔네요. 모쪼록 오랫만에 한국영화에 활기가 돋는 것은 좋은 일이지만 한편으로는 개인적으로 너무 유치했네요.... 배우들 연기도 영상미도 음악도 전체적으로 아쉽.. 별 생각 없이 봤다면 그냥 그랬겟지만 평이 하도 좋길래 기대 가득히 하고 봐서 더 아쉬웠습니다
3.0,2026-04-30 16:16,이런 영화가 1600만명? ㅋㅋ 이해가 안가네 극장에서 안보길 잘한나 칭찬해
2.0,2026-03-20 22:32,"천만이 솔직히 당황스러울 정도,노루 호랑이 cg에 일단 한번 놀라고연출이 너무....모랄까...세련되지못하고나는 그 마을사람들과 노산의 그 연결고리표현이 약했다고봄, 유해진 혼자 이끌어가는느낌전투신도 몇명이서 막고 말도 안되게허술함번개치는장면도..너무 90년대비디오영화보는줄솔직히 극장가서안봐도 될듯"
2.0,2026-03-09 07:34,정말 이게 천만이라면 한국영화의 미래는 없다. 차라리 광해를 5번 봐라
1.0,2026-03-09 06:26,너무 유치해서 내 손발이 오그라듬... 남편이랑 보고 나왔는데 도대체 왜 천만인지 둘다 어리둥절? 너무 억지 스토리에 눈물 1도 안남
2.0,2026-03-07 02:32,진심 실망... 연출력이 너무 떨어짐... 명배우들 때문에 그나마... 암튼 이 좋은 스토리에 너무 엉성한 연출력이 아쉬움~
5.0,2026-02-15 12:00,너무 잼있게 봤어요또 보고싶고
5.0,2026-02-08 01:31,"세종과 소헌왕후, 문종, 현덕왕후께서 조금이라도 더 사셨다면 어땠을까 단종을 지지해주실 어른들이 조금이라도 더 있었으면 어땠을까 문종이 단종을 부탁하기 위해 “수양이 보고 싶다“라고 하셨을 정도로 우애가 좋았는데 그렇게도 조카의 자리를 뺏고 싶으셨을까"
5.0,2026-02-05 09:39,"진짜영화보러 안가는데.. 와...,...진짜 진짜 최고예요ㅠㅠ 말하면 ㅅㅍ되니까 말아낄게요..무조건보세요 후회안해요ㅠㅠ 웃음벨 울음벨 다다 와요"
