date,rating,content,cleaned_review,day_of_week,tf_idf_mean_score
2026-07-24,1.0,최악. 천만 넘은 이유는 타이밍과 민족성때문임.,최악 천만 넘 이유 타이밍 민족 때문,Friday,0.0
2026-07-24,5.0,감동도 있고 배우  연기도 좋았고 화면속 배경으로 힐링 모든것이 좋았어요  극장도  깨끗해  편안했어요,감동 있 배우 연기 좋 화면 속 배경 힐링 모든 좋 극장 깨끗 편안,Friday,0.17245293280219456
2026-07-24,5.0,울다가 기절할 뻔 함,울 기절 뻔 하,Friday,0.0
2026-07-23,5.0,한국 신파물 재밌게 봤어요.,한국 신파 물 재밌 보,Thursday,0.1
2026-07-23,5.0,유쾌하면서 감동적인-!!,유쾌 감동,Thursday,0.1
2026-07-23,3.0,역시나 완성도가 아닌 감성팔이가 성공한다,역시 완성도 아니 감성팔이 성공,Thursday,0.0
2026-07-22,4.0,"메가박스 남돌비 좌석 I11 Very Good,  유해진 연기 Very Good, 스토리도 나쁘지 않으나 연출력이 많이 어설픔.",메가박스 남돌비 좌석 유해진 연기 스토리 나쁘 않 연출력 많이 어설프,Wednesday,0.14061318659027983
2026-07-22,5.0,박지훈 잘생겼습니다ㅎ,박 지훈 잘 생기,Wednesday,0.0
2026-07-22,5.0,배우분들 연기가 좋았습니다. 단종이 왕이 되었다면 어떤 왕이 되었을까 ..상상도 해보게 되네요,배우 분 연기 좋 단종 왕 되 어떤 왕 되 상상 하 보 되,Wednesday,0.17228086064166193
2026-07-21,5.0,역사를.다시 생각하게 하는 영화,역사 다시 생각 하 영화,Tuesday,0.13885660499334512
2026-07-21,4.5,내용과 연기가 넘사벽,내용 연기 넘 사 벽,Tuesday,0.1
2026-07-21,4.5,단종옵밥많이먹으세요,단종 밥 많이 먹,Tuesday,0.1
2026-07-20,5.0,정말 오랜만에 엄청 눈물이 나왔다. 갱년기인가?,오랜만 엄청 눈물 나오 갱년기,Monday,0.1
2026-07-20,5.0,완전 대박 최고 멋져요,완전 대박 최고 멋지,Monday,0.0
2026-07-20,5.0,말해뭐해굿입니다요요,말 뭐 하 굿,Monday,0.0
2026-07-20,5.0,믿고보는 배우..유해진 최고입니다.,믿 보 배우 유해진 최고,Monday,0.1405464490516051
2026-07-20,5.0,감동적이었다. 마지막 장면만으로 볼 가치가 있음,감동 마지막 장면 보 가치 있,Monday,0.1
2026-07-19,5.0,연민어린 시선 마지막에는 위로를 주는 영화,연민 어리 시선 마지막 위로 주 영화,Sunday,0.1
2026-07-19,4.5,박지훈 눈빛과 배우들 연기 미쳤다,박 지훈 눈빛 배우 연기 미치,Sunday,0.14141996335306634
2026-07-19,3.5,"재밌다, 감동적이다, 개봉시기 잘 잡았다, 올려치기 적당히.",재밌 감동 개봉 시기 잘 잡 올리 치 적당히,Sunday,0.1413780734343819
2026-07-19,4.0,삼삼하지만 강력했던 감동.,삼삼 강력 감동,Sunday,0.1
2026-07-19,4.0,배우들이 연개를 매우 잘해서 몰입 잘 되고 재밋음,배우 연개 매우 잘 몰입 잘 되 재밋,Sunday,0.1
2026-07-19,5.0,너무 너무 슬프지만 코믹이 녹아있어 재미있게 보았습니다,슬프 코믹 녹 있 재미있 보,Sunday,0.1
2026-07-19,5.0,안 슬픈데? 하고 보다가 어느새 눈물이 처음부터 끝까지 슬픈 영화,안 슬프 하 보 어느새 눈물 처음 끝 슬프 영화,Sunday,0.15949645014257513
2026-07-18,5.0,천만영화라 안볼수가 없어요,천만 영화 안 보 없,Saturday,0.1
2026-07-18,5.0,느낌이 확오는 멋진 작품입니다. 시간 가는 줄 모르고 재밌게 보았네요.,느낌 확 오 멋지 작품 시간 줄 모르 재밌 보,Saturday,0.1
2026-07-18,5.0,완벽 그 자체입니다,완벽 자체,Saturday,0.0
2026-07-18,5.0,왕과 사라가는 인생이 불씽 하네요,왕 사라 인생 불씽 하,Saturday,0.0
2026-07-18,5.0,"""저는 이제 어디로 갑니까.""",이제 어디,Saturday,0.0
2026-07-17,5.0,질보았습니다 재미있어요,지 보 재미있,Friday,0.0
2026-07-17,3.5,배우의 재 발견   소문만큼 재미있지는 않음,배우 재 발견 소문 재미있 않,Friday,0.1
2026-07-17,5.0,더 뭘 말하겠어요 멋있고 감동적이고 역사적이고 등등등,뭐 말 멋있 감동 역사 등등,Friday,0.14136376323528405
2026-07-17,5.0,재밌게 잘봤습니다~~~!!!,재밌 잘 보,Friday,0.1
2026-07-17,4.5,특별한건 없지만 여운이 남네요,특별 없 여운 남,Friday,0.0
2026-07-17,5.0,지루하지 않고 잘 봤어요,지루 않 잘 보,Friday,0.0
2026-07-16,5.0,눈물 광광 박지훈 존잘,눈물 광 광 박지훈 존잘,Thursday,0.1
2026-07-16,5.0,스토리는 뻔했지만 유해진과 박지훈의 연기가 다 한 작품,스토리 뻔 유해진 박지훈 연기 다 하 작품,Thursday,0.14061318659027983
2026-07-16,5.0,잔잔하지만 감동적인 포인트가 있어서 좋았습니다.,잔잔 감동 포인트 있 좋,Thursday,0.1
2026-07-16,4.0,아는 이야기였을지 모르지만 이렇게 재밌으면서 슬픈 영화로 만들기는 쉽지 않다~,아 이야기 모르 이렇 재밌 슬프 영화 만들 쉽 않,Thursday,0.17109954843081032
2026-07-16,5.0,상영 시간이 너무 짧게 느껴진다,상영 시간 짧 느끼 지,Thursday,0.0
2026-07-16,5.0,말이필요없는 최고의영화!,말 필요 없 최고 영화,Thursday,0.1
2026-07-16,5.0,왜곡된 역사란.... 이렇게 무섭구나....,왜곡 역사 이렇 무섭,Thursday,0.1
2026-07-16,5.0,ㅎ잘보았습니다 실화라더감동,잘 보 실화 감동,Thursday,0.1
2026-07-16,5.0,일때문에 중간에 보다 나왔지만 스토리 짜임이 좋다,일 때문 중간 보다 나오 스토리 짜임 좋,Thursday,0.0
2026-07-16,4.0,다들 연기 잘하고 너무 슬퍼 ....,다 연기 잘 슬프,Thursday,0.14092428167330645
2026-07-16,5.0,믿고보는 배우들 !! 잘봤습니다,믿 보 배우 잘 보,Thursday,0.1
2026-07-16,5.0,연기 다 너무 좋었던 ㅠㅠ,연기 다 좋,Thursday,0.1
2026-07-15,3.5,"단종을 다시 생각하며, 배우들의 재발견",단종 다시 생각 배우 재 발견,Wednesday,0.14059973721315727
2026-07-15,5.0,보면서 이렇게 몰입하기는 처음..!,보 이렇 몰입 처음,Wednesday,0.0
2026-07-14,5.0,이제서야 봤는데 진짜 재밌고 슬펐어요,이제서야 보 재밌 슬프,Tuesday,0.1413373090408129
2026-07-14,5.0,남편이랑 재미있게 봤어요.,남편 재미있 보,Tuesday,0.0
2026-07-13,5.0,완전 추천하는 영화!!,완전 추천 영화,Monday,0.1
2026-07-12,5.0,네번째 봄.또 역시나 울었음. 충신 영월.,네 번 봄 또 역시 울 충신 영월,Sunday,0.0
2026-07-12,4.0,주인공 캐스팅이 완벽랬던 영화,주인공 캐스팅 완벽 하 영화,Sunday,0.1
2026-07-12,5.0,가족모두 잼있게 잘봤어요,가족 모두 잼 있 잘 보,Sunday,0.0
2026-07-12,5.0,보고 또 봐도 절대 질리지 않은 영화였어요.,보 또 보 절대 질리 않 영화,Sunday,0.1
2026-07-12,5.0,나도 기꺼이 그대의 벗이 될 것이다,나 기꺼이 그대 벗 되,Sunday,0.0
2026-07-11,4.5,재밌어요. 박지훈 잘생김,재밌 박지훈 잘생기,Saturday,0.1
2026-07-11,5.0,무조건 꼭 봐야해요.!,무조건 꼭 보 하,Saturday,0.0
2026-07-10,3.5,사극 처음인데 너무 재밌었다 조금 아쉬운부분이 있지만 그래도 오랜만에 재밌는 영화본것같아서 좋았다,사극 처음 재밌 조금 아쉽 부분 있 그래도 오랜만 재밌 영화 보 같 좋,Friday,0.12690925234682607
2026-07-10,4.0,배우들 연기는 좋았는데.. 연출부분이 너무 촌스러운 부분이 있어요,배우 연기 좋 연출 부분 촌 스럽 부분 있,Friday,0.14141996335306634
2026-07-10,5.0,이거는 꼭 봐야하는 영화입니다 잘 봤습니다,이거 꼭 보 하 영화 잘 보,Friday,0.1
2026-07-10,5.0,단종 배우 연기가  마음을 움직이게 하는 뭔가가 있어서 여운이 깊게 남습니다.,단종 배우 연기 마음 움직이 하 뭐 있 여운 깊 남,Friday,0.17228086064166193
2026-07-09,5.0,하.. 너무 좋아요 올해 무조건 봐야하는 영화,좋 올해 무 조건 보 하 영화,Thursday,0.1
2026-07-09,3.5,연출이 아쉽지만 배우들의 연기가 좋았다,연출 아쉽 배우 연기 좋,Thursday,0.14141996335306634
2026-07-09,5.0,눈빛으로 말하고 눈빛으로 끝나는,눈빛 말 눈빛 끝 나,Thursday,0.0
2026-07-09,3.0,슬프긴한데.. 흠 박지훈 얼굴 최고!,슬프 하 박 지훈 얼굴 최고,Thursday,0.1
2026-07-09,5.0,진짜 눈물나서 힘들었네ㅜㅜ 단종..,눈물 나 힘들 단종,Thursday,0.14140646168240725
2026-07-08,4.0,대중적으로 보기 좋음,대중 보 좋,Wednesday,0.0
2026-07-08,4.5,저는 호랑이도 안 어색했어요,호랑이 안 어색,Wednesday,0.0
2026-07-08,4.0,지훈옵 복복해주고싶네여,지훈 복 복 주 싶,Wednesday,0.0
2026-07-08,5.0,재밌게 감명깊게 잘 봤어요,재밌 감명 깊 잘 보,Wednesday,0.1
2026-07-08,5.0,배우연기에감탄 모르던 역사를 알게해주셔서 몰입했었던같아요~~,배우 연기 감탄 모르 역사 알 하 주 몰입 같,Wednesday,0.17192737982142345
2026-07-06,5.0,가슴이 먹먹했어요 재밌게 잘봤어요,가슴 먹먹 재밌 잘 보,Monday,0.1
2026-07-05,5.0,가볍게 보러 갔다가 눈물 줄줄 흘림.,가볍 보 눈물 줄줄 흘리,Sunday,0.1
2026-07-05,5.0,굿  너무잘 보고 왔습니당~~^^,굿 잘 보 오 ᆼ,Sunday,0.0
2026-07-05,4.0,대화에 소외되기 싫어서 봤어요,대화 소외 싫 보,Sunday,0.0
2026-07-05,5.0,왕사남 사랑해요♡♡♡♡,왕사남 사랑해요,Sunday,0.0
2026-07-04,5.0,그냥저냥 쏘쏘한 듯,그냥저냥 쏘쏘 하 듯,Saturday,0.0
2026-07-04,4.0,연기는 좋지만 영화 자체는 별로 인상깊진 않은 것 같아요.,연기 좋 영화 자체 별로 인상 깊 않 같,Saturday,0.14104769461861746
2026-07-03,5.0,너무 너무 재밌었음 눈물이나,재밌 눈물 나,Friday,0.1414213562373095
2026-07-03,5.0,한명회 인물에 대해 다시 각인 시킬 수 있었음.,한명회 인물 대하 다시 각인 있,Friday,0.0
2026-07-03,3.0,가족들이랑 보러가기 좋은 영화,가족 보 좋 영화,Friday,0.1
2026-07-02,3.5,단종의 이야기와 실감난 연출이 멋졋다,단종 이야기 실감 나 연출 멋지,Thursday,0.1
2026-07-02,3.0,말미로 갈수록 힘빠지는 고질병이 여전하다. 엄촌장이 마을의 명운보다 왕을 돕는 선택을 했을 때 마을 사람들 동조를 얻는 장면 하나만 있었어도 도덕적 딜레마에 집중을 뺏기지 않았을것,말미 갈수록 힘 빠지 고질병 여전하 엄 촌장 마을 명운 왕 돕 선택 하 때 마을 사람 동조 얻 장면 하나 있 도덕 딜레마 집중 뺏기 않,Thursday,0.0
2026-07-02,5.0,너무 슬펐어요. 연기력 최고,슬프 연기력 최고,Thursday,0.1
2026-07-02,5.0,재밌게 봤습니다 천만영화,재밌 보 천만 영화,Thursday,0.13895053130216903
2026-07-01,4.5,카메라 무빙이나 위치 때문에 아쉽지만 박지훈의 연기와 유해진의 코미디의 만남이 너무 나도 좋았어용 완전 인생영화!!,카메라 무빙 위치 때문 아쉽 박 지훈 연기 유해진 코미디 만남 나 좋 ᆼ 완전 인생 영화,Wednesday,0.17127960798389716
2026-06-29,5.0,천만영화 왕과 사는 남자,천만 영화 왕 사 남자,Monday,0.1
2026-06-29,4.0,극장을 나올 때 단종이란 이름과 함께 나온단 점에서 성공한 영화. '혁명의 성패'라는 물음도 굿.  편집에 아쉬움은 많았지만 편집이 크게 중요하지 않은 영화였다.,극장 나오 때 단종 이름 함께 나오 하 점 성공 영화 혁명 성패 물음 굿 편집 아쉬움 많 편집 크 중요 않 영화,Monday,0.13947254032129103
2026-06-29,5.0,진짜.. 눈물만 나오는 영화,눈물 나오 영화,Monday,0.13895053130216903
2026-06-29,3.0,"양념 반, 후라이드 반처럼 진지함 반, 코미디 반",양념 반 후라이드 반 진지 반 코미디 반,Monday,0.0
2026-06-28,3.0,솔직히 잘 모르겠다 .. 뻔한내용에 뻔한역사라그런지 현 정권이 빨개이라그런지,솔직히 잘 모르 뻔하 내용 뻔하 역사 그렇 현 정권 빨개 그렇,Sunday,0.1
2026-06-28,5.0,왕사남 보고 영월도 다녀옴~,왕 사 남 보 영월 다녀오,Sunday,0.0
2026-06-28,4.5,너무 감동적이였고 슬펐지만 뭔가 아쉬움이 조금 남았습니다..,감동 슬프 뭐 아쉬움 조금 남,Sunday,0.14141463021107845
2026-06-27,5.0,너무너무너무너무 슬퍼요ㅠㅠ 단종오빠 ㅠㅠ,슬프 단종 오빠,Saturday,0.14139311734457075
2026-06-27,5.0,"찐막으로 6회차보며 마무리합니다 우리나라 역사의 중요한 부분인데 배우들이 초반부터 몰입하게 해주어서 제가 광천골 주민이 된듯합니다. 박지훈의 달라지는 눈빛, 유해진의 내공 굿굿굿",찐막 회 차 보 마무리 우리나라 역사 중요 부분 배우 초반 몰입 하 주 광천골 주민 되 듯 박 지훈 달라지 눈빛 유해진 내공 굿 굿 굿,Saturday,0.172189252114749
2026-06-27,4.0,감동적이고 뭉클했어요~!,감동 뭉클,Saturday,0.1
2026-06-27,5.0,완전 재미 있었어요.,완전 재미 있,Saturday,0.0
2026-06-26,5.0,천오백만의 걸작이라고 생각한다,천오백만 걸작 생각,Friday,0.0
2026-06-26,5.0,"한번 더 보려다 참았음. 박지훈,유해진이라 가능한",번 보 참 박지훈 유해진 가능,Friday,0.1
2026-06-26,5.0,너무 슬픈 역사이야기 ..가슴아프고 배우들연기에 완전몰입했던 영화 몇번을봐도 다시보고싶은 영화입니다!,슬프 역사 이야기 가슴 아프 배우 연기 완전 몰입 영화 몇 번 보 다시 보 싶 영화,Friday,0.2184824513381174
2026-06-25,5.0,난 안울 수 있을 줄 알았는데...,나 안 울 있 줄 알,Thursday,0.0
2026-06-25,3.5,천만까지는 아닌것같아여 운이좋네요,천 만 아니 같 운 좋,Thursday,0.0
2026-06-24,4.0,항준좌… 이제 갓길만 걸으세요 ㅠㅠ,항준좌 이제 갓 길 걷,Wednesday,0.0
2026-06-24,5.0,두번째본영화 두번째봐도 눈물이나네요,두 번째 보 영화 두 번 보 눈물 나,Wednesday,0.13895053130216903
2026-06-24,4.0,영화 왕과 사는 남자,영화 왕 사 남자,Wednesday,0.1
2026-06-24,4.5,다 알고 있는 결말이지만 눈을 뗄 수 없었던 순간들,다 알 있 결말 눈 떼 없 순간,Wednesday,0.0
2026-06-23,5.0,"A3 포스터는 부피가 커서 운반도 어렵고 두께도 얇아서 하자도 쉽게 생겨서 스트레스 받고, 전시도 몇개 못하고, 보관도 어렵습니다. A4 사이즈로 줄여주세요",포스터 부피 크 운반 어렵 두께 얇 하자 쉽 생기 스트레스 받 전시 몇 개 못 하 보관 어렵 사이즈 줄이 주,Tuesday,0.0
2026-06-23,5.0,울면서 봤다 내마음속의 저장 하는 것만 보다가 왕이된 걸 보니.. 눈물이 난다..,울 보 나 마음 속 저장 보 왕 되 보 눈물 나,Tuesday,0.1
2026-06-22,5.0,배우들의 연기력은 좋았지만 너무나 뻔한 스토리라  중반부터는 지루했음,배우 연기력 좋 너무나 뻔 스토리 중반 지루,Monday,0.1
2026-06-22,5.0,역사그대로 너무 잔잔한 영화,역사 그대로 잔잔 영화,Monday,0.13885660499334512
2026-06-22,5.0,다시 보고싶은 영화,다시 보 싶 영화,Monday,0.1
2026-06-22,5.0,잘 만들면 사람들이 가지,잘 만들 사람,Monday,0.0
2026-06-22,5.0,가슴이 저리는 영화,가슴 저리 영화,Monday,0.1
2026-06-21,5.0,ㄴ존잼 2번이나 봄!!!,존잼 번 보,Sunday,0.0
2026-06-21,5.0,단종의 삶을 영화로  담았다니 눈을 뜨지 못했습니다.,단종 삶 영화 담 하 눈 뜨 못 하,Sunday,0.13929514481359492
2026-06-21,5.0,배우 연기력...미쳤..,배우 연기력 미치,Sunday,0.1
2026-06-21,5.0,역사의인물중에도 알려지지않은 위인들 에대해서 자세히 알게된것같아 좋았으며 중간중간 인물연기들의 재미와함께 감동의 눈물이 흐르고 배역들마다의 케미가  좋은작품같습니다.,역사 인물 중 알려지 않 위인 대하 자세히 알 되 같 좋 중간 중간 인물 연기 재미 함께 감동 눈물 흐르 배역 케미 좋 작품 같,Sunday,0.19911721518049413
2026-06-21,5.0,흥행작이라고 해서 오랫만에 한국영화 관람 배우들의 연기가 젤 좋았음,흥행작 하 오랫만 한국 영화 관람 배우 연기 젤 좋,Sunday,0.17283839166374562
2026-06-20,5.0,하.. 이건 1000만이상인 이유가 있습니다!!,이거 만 이상 이유 있,Saturday,0.0
2026-06-20,5.0,너무너무 재미있게 봤습니다^^,너무너무 재미있 보,Saturday,0.0
2026-06-20,3.5,내용이 너무 슬펐어요,내용 슬프,Saturday,0.1
2026-06-20,1.0,음 그렇게 천만할정도는 아닌거같은데,그렇 천만 정도 아니 같,Saturday,0.0
2026-06-19,5.0,아들과 함께 봤는데 스토리가 재밌었어요,아들 함께 보 스토리 재밌,Friday,0.1
2026-06-19,4.0,왜 천만씩이나… 그래도 극장에서 영화많이 보면 좋져.. 메가박스 못잃어!!!!,왜 천만 그래도 극장 영화 많이 보 좋 지 메가박스 못 잃,Friday,0.1
2026-06-19,5.0,단종ㅠㅠ 연기력이 미쳤네요,단종 연기력 미치,Friday,0.1
2026-06-19,5.0,단종의 새로운 탄생과 생애를 함께 느낄 수 있음.  박지훈으로 환생을 한거라고 밖엔.,단종 새롭 탄생 생애 함께 느끼 있 박 지훈 환생 하,Friday,0.1
2026-06-19,3.5,재밌었음. 다들 좋아함,재밌 다 좋아하,Friday,0.1
2026-06-19,3.0,쓸쓸할줄 알았던 단종의 인생,쓸쓸 줄 알 단종 인생,Friday,0.1
2026-06-18,4.0,인간의 존엄성과 자유에 대한 의지를 역사적인 고찰로 소박하나 진정성있게 표현함.,인간 존엄 자유 대하 의지 역사 고찰 소박 진정 있 표현,Thursday,0.1
2026-06-17,5.0,그냥 울었음. 계속 울었다. 연기 스토리 다 모자람 없이 꽉 찬 영화다.,그냥 울 계속 울 연기 스토리 다 모자라 없이 꽉 차 영화,Wednesday,0.14104769461861746
2026-06-16,5.0,2번 봤음.. 3번 볼 걸 하는 아쉬움...,번 보 번 보 하 아쉬움,Tuesday,0.0
2026-06-16,5.0,배우들 연기가 대박이에요ㅠㅠ,배우 연기 대박,Tuesday,0.14141996335306634
2026-06-15,3.5,감동적입니다. 슬프네요,감동 슬프,Monday,0.14141463021107845
2026-06-15,5.0,슬프면서 잼있는 영화네요,슬프 잼 있 영화,Monday,0.13973242642691122
2026-06-15,3.5,박지훈의 눈빛연기만 기억에 남네요.잘봤습니다,박 지훈 눈빛 연기 기억 남 잘 보,Monday,0.1
2026-06-14,5.0,최고최고최고얐습니다.n차 관람,최고 최고 최고 얐 차 관람,Sunday,0.0
2026-06-14,5.0,장항준 감독을 응원하고 싶어 본건데 내가 응원을 받은 영화,장항준 감독 응원 싶 보 나 응원 받 영화,Sunday,0.1
2026-06-14,5.0,재미있게 잘 봤습니다:),재미있 잘 보,Sunday,0.0
2026-06-14,4.0,지난 설날 때 나는 매자막 장면을 보면 어린 단종을 최후를 당하다니 참 아쉽다...,지나 설날 때 나 매 자막 장면 보 어리 단종 최후 당하 참 아쉽,Sunday,0.1
2026-06-14,4.0,웃다가 울리기. 뻔하지만 강력한.,웃 울리 뻔 강력,Sunday,0.0
2026-06-13,5.0,연기 연기 연기 연기 연기력이 정말 눈물이 나네요 결말을 알고도 해피앤딩을 기대해봤습니다,연기 연기 연기 연기 연기력 눈물 나 결말 알 해피앤딩 기대 보,Saturday,0.1255449493295756
2026-06-13,5.0,재미있게 잘 봤습니다.,재미있 잘 보,Saturday,0.0
2026-06-13,5.0,박지훈 연기 넘. 잘함,박 지훈 연기 넘 잘,Saturday,0.1
2026-06-13,5.0,배우들의 연기가 정말 압권이네요. 정말 몰입해서 봤어요. 단종 박지훈 배우의 눈이 정말 너무 슬퍼요 ㅠㅠ 유해진 배우도 박지훈 배우도 연기 너무 좋아서 계속 생각날 것 같아요!!!,배우 연기 압권 몰입 보 단종 박지훈 배우 눈 슬프 유해진 배우 박지훈 배우 연기 좋 계속 생각나 같,Saturday,0.1956650843202805
2026-06-13,4.5,현실감 과거로 함께 이동해서 함께 어울린다는,현실감 과거 함께 이동 함께 어울리,Saturday,0.0
2026-06-13,5.0,따뜻함을 또 보고 싶어요,따뜻 또 보 싶,Saturday,0.0
2026-06-13,5.0,유해진이 멱살 잡고 캐리,유해진 멱살 잡 캐리,Saturday,0.1
2026-06-13,5.0,그동안 주목하지 않았던 어린 왕을 수면 위로 끌어올린영화,그동안 주목 않 어리 왕 수면 위 끌어올리 영화,Saturday,0.1
2026-06-12,5.0,배우들 연기가 너무 좋아요,배우 연기 좋,Friday,0.14141996335306634
2026-06-12,5.0,"처음과 중간 끝 어느하나 빠지는것 없이 완벽한 영화 눈물을 멈출수 없는 영화였고, 단종의 마지막을 누구든 알고 같이 슬퍼할수 있어 좋았다",처음 중간 끝 어느 하나 빠지 없이 완벽 영화 눈물 멈추 없 영화 단종 마지막 누구 알 같이 슬퍼하 있 좋,Friday,0.17101998893019482
2026-06-12,5.0,이제부터 장항준이 만든거라하면 믿고 볼듯,이제 장항준 만들 하 믿 보 듯,Friday,0.0
2026-06-12,1.0,최고의영화너무즐거웠어요,최고 영화 즐겁,Friday,0.1
2026-06-11,3.5,솔까말 수작도 아까운데 그래도 배우들 연기는 좋았음,소 말 수작 아깝 그래도 배우 연기 좋,Thursday,0.14141996335306634
2026-06-11,5.0,"마음은 감동, 눈은 개안하는 짧지만 아름답고 탄란했던 관람시간",마음 감동 눈 개안 짧 아름답 탄 란 관람 시간,Thursday,0.1
2026-06-11,5.0,천만영화라서 봤는데 괜히 천만이 아니었어요,천만 영화 보 괜히 천만 아니,Thursday,0.1
2026-06-11,5.0,연기 체고 스토리 체고,연기 체 스토리 체,Thursday,0.1
2026-06-11,5.0,역사에서만 보다가 영화로 보니깐 더 이해가 가서 좋았어요 이런 류에 영화 많이 만들어주세요,역사 보 영화 보 이해 좋 이런 류 영화 많이 만들 주,Thursday,0.13985887443585532
2026-06-11,3.5,아쉬움을 눌러주는 배우들의 연기,아쉬움 누르 주 배우 연기,Thursday,0.14141996335306634
2026-06-11,5.0,깊은 생각 안고 돌아갑니다.,깊 생각 안 돌아가,Thursday,0.0
2026-06-10,5.0,영화가 너무 감동적이어서 한번보고 또 다시 한번 더 봤어요 또 보고 싶은 영화예요 너무 감명 받고 슬퍼서 볼때마다 눈물이 나네요 유해진 배우님 연기신인것 같아요 올해 무조건 대상!,영화 감동 번 보 또 다시 번 보 또 보 싶 영화 감명 받 슬프 보 때 눈물 나 유해진 배우 연기 신 같 올해 무조건 대상,Wednesday,0.26016731696894724
2026-06-10,5.0,나는 이영화를 보면서 뭘 기대한것일까. 배우들의 연기만? 깊이는 얕고 배우만 깊다,나 영화 보 뭐 기대 배우 연기 깊이 얕 배우 깊,Wednesday,0.16144724988646444
2026-06-10,5.0,유머와 감동 모두 좋았습니다.,유머 감동 모두 좋,Wednesday,0.1
2026-06-10,3.5,유해진 미쳤다.  스토리는 평범,유해진 미치 스토리 평범,Wednesday,0.1
2026-06-10,5.0,이정돈가라는 말이 나오는 영화,정도 말 나오 영화,Wednesday,0.1
2026-06-10,3.0,가족과 함께 보기 좋아요,가족 함께 보 좋,Wednesday,0.0
2026-06-10,5.0,잘봤어요...연기를 잘하는 유해진 배우님등 모두 최고입니다,잘 보 연기 잘 유해진 배우 모두 최고,Wednesday,0.1722172908380732
2026-06-09,3.0,단종의 안타까운 삶이 뒤늦게라마 위안받기를,단종 안타깝 삶 뒤늦 라마 위안 받,Tuesday,0.1
2026-06-09,3.0,단종 연기만 기억 남는다,단종 연기 기억 남,Tuesday,0.14066447070732988
2026-06-09,3.5,"역사적 스포를 알고보는게 슬펏으나 그래됴.. 내사랑금성대군♡준혁배우땜시 봣다.. 그리고, 단종역 박지훈의 재발견",역사 스포 알 보 슬프 됴 내사랑금성대군 준혁 배우 땜 시 보 그리고 단종 역 박지훈 재 발견,Tuesday,0.199137762818495
2026-06-09,3.5,아쉬움이남아 별하나뺐어요 다시금 역사를 돌아보게 한 영화입니다,아쉬움 남 별 하나 빼 다시금 역사 돌아보 하 영화,Tuesday,0.13885660499334512
2026-06-09,5.0,그냥....저냥.... 명량에 견줄만한 영화인가. 역대 흥행2위라니!,그냥 냥 명량 견주 만 영화 역대 흥행 위,Tuesday,0.1
2026-06-09,5.0,신랑이랑 오랜만에 본 영화 많이 울었고 맘이 너무 아팠던 영화,신랑 오랜만 보 영화 많이 울 맘 아프 영화,Tuesday,0.1
2026-06-09,5.0,왜 천만넘고도 한참 더 들었는지 알겠다,왜 천만 넘 한참 듣 알,Tuesday,0.0
2026-06-08,5.0,몇번을 봐도 재밌어요^^,몇 번 보 재밌,Monday,0.1
2026-06-07,5.0,너무 슬펐어요…엉엉,슬프 엉엉,Sunday,0.1
2026-06-07,3.0,왕사남 잘봤어요. 기대보단별로,왕사남 잘 보 기대 별로,Sunday,0.0
2026-06-07,5.0,관상에서 제일 궁금했던 이야기.. 슬프네요 ㅠ ㅠ,관상 제일 궁금하 이야기 슬프,Sunday,0.1
2026-06-07,5.0,최고입니다.다 보셔야해요,최고 다 보 하,Sunday,0.0
2026-06-07,5.0,슬퍼요.  슬퍼. 슬퍼.,슬프 슬프 슬프,Sunday,0.1
2026-06-07,3.0,박지훈의 눈빛과 유해진의 노련한 연기,박 지훈 눈빛 유해진 노련하 연기,Sunday,0.14061318659027983
2026-06-07,3.0,그닥..1600만?이아니라200만정도의영화같음 ㅜ,그닥 아니 만 정도 영화 같,Sunday,0.1
2026-06-07,5.0,배우들의 연기가 압권..특히,배우 연기 압권 특히,Sunday,0.14141996335306634
2026-06-06,4.0,"신선한 소재, 적절한 배우 섭외 로 성공한 영화, 장항준 감독님 축하드려요.",신선 소재 적절 배우 섭외 성공 영화 장항준 감독 축하 드리,Saturday,0.14109147785542173
2026-06-06,5.0,오랜만에 심금을 울리는 찐 영화를 봤어요,오랜만 심금 울리 찐 영화 보,Saturday,0.1
2026-06-06,5.0,너무 감동적인 영화입니다,감동 영화,Saturday,0.13952459798792174
2026-06-06,5.0,자신을 보호해줄 사람이 아무도 없는 어린 단종의 처연하게 외롭고 슬펐던 상황을 연기한 박지훈 배우와 거대하고 오만한 힘있는 실세 연기한 유지태배우👍 유해진님은 말해뭐해.😍,자신 보호 주 사람 아무 없 어리 단종 처연 외롭 슬프 상황 연기 박지훈 배우 거대 오만 힘 있 실세 연기 유지태 배우 유해진 말 뭐 하,Saturday,0.21702789564338976
2026-06-06,5.0,박지훈은 단종 환생이 맞음,박 지훈 단종 환생 맞,Saturday,0.1
2026-06-06,5.0,최고의 영화! 너무잼났음,최고 영화 잼 나,Saturday,0.1
2026-06-06,5.0,1000만 이상 관객이 시청한 이유가 있다,만 이상 관객 시청 이유 있,Saturday,0.0
2026-06-06,3.5,그렇게 까일만한 영화도 그렇게 극찬 받을 영화도 아님,그렇 까 만 영화 그렇 극찬 받 영화 아니,Saturday,0.1
2026-06-05,5.0,엄마랑보기좋은내용의영화였어요,엄마 보 좋 내용 영화,Friday,0.1
2026-06-05,5.0,엄청나게 연출이 뛰어난건 아니지만 사람의 마음을 울린다는거 자체가 최고의 연출 같습니다.,엄청나 연출 뛰어나 아니 사람 마음 울리 자체 최고 연출 같,Friday,0.0
2026-06-04,4.0,"내용은 다 아는 내용이라 새로울 건 없지만, 배우들의 열연아 돋보이는 영화입니다.",내용 다 알 내용 새롭 없 배우 열연 돋보이 영화,Thursday,0.14109147785542173
2026-06-04,5.0,아 눈물 대빵 남 ㅠ 감동적임,눈물 대빵 남 감동,Thursday,0.1413780734343819
2026-06-04,5.0,"전하, 다시 태어나신다면 부디 슬프지 않은 생을 살아가시길 바랍니다.",전하 다시 태어나 부디 슬프 않 생 살아가 바라,Thursday,0.1
2026-06-03,5.0,나는 이제 어디로 가야합니까..,나 이제 어디 하,Wednesday,0.0
2026-06-03,4.5,지금까지 일반적으로 묘사 되거나 표현되지 않았던 인물들의 다른 괸점의 발현.. 코믹과 사사가 적절,지금 일반 묘사 표현 않 인물 다른 괴 점 발현 코믹 사사 적절,Wednesday,0.0
2026-06-03,5.0,너무슬프고눈물이많이났습니다.사람이사람에게어떻게...,슬프 눈물 많이 나 사람 사람 어떻,Wednesday,0.1413373090408129
2026-06-03,5.0,어린단종의 아픔과 단종을  지켜준 엄홍도님의 마음이 너무 애틋하고 아려왔다 기억에 남을작품  배우들도 역활들에 녹아져  한몸이된느낌,어리 단종 아픔 단종 지키 주 엄홍도 마음 애틋 아리 오 기억 남 작품 배우 역활 녹 지 몸 되 느낌,Wednesday,0.13009735504453776
2026-06-03,4.0,박지훈이 연기 잘하네요,박 지훈 연기 잘 하,Wednesday,0.1
2026-06-02,5.0,단종의 변화되는 모습도. 마을 이장의 모습도 잘 표현되었다,단종 변화 모습 마을 이장 모습 잘 표현,Tuesday,0.1
2026-06-02,5.0,역사 내용 지겨운게 많은데 아니여서 좋았다,역사 내용 지겹 많 아니 좋,Tuesday,0.1
2026-06-02,5.0,단종의 눈빛이 지워지지가 않아요.,단종 눈빛 지우 지 않,Tuesday,0.1
2026-06-02,5.0,연기력이 좋았어요 탄탄한 주조연 연기력이었어요,연기력 좋 탄탄 주 조연 연기력,Tuesday,0.0
2026-06-01,5.0,여러번 재관람해도 마음을 울리는 영화,여러 번 재 관람 마음 울리 영화,Monday,0.1
2026-06-01,5.0,간만에 볼만했어요~~,간만에 보 만,Monday,0.0
2026-06-01,5.0,뮤츠의역습 이후로 울어버림,뮤츠 역습 이후 울 버리,Monday,0.0
2026-06-01,4.0,모두 호연했지만 박지훈 연기가 정말 빛났다.,모두 호연 박 지훈 연기 빛나,Monday,0.1
2026-06-01,3.5,연기가 전형적이고 우악스러워서 집중하기 힘들었음,연기 전형 우악 스럽 집중 힘들,Monday,0.1
2026-06-01,4.0,웃기면서도 감동적인 영화💗💗💗,웃기 감동 영화,Monday,0.13952459798792174
2026-06-01,5.0,단종ㅠㅠ 마음이 아프노,단종 마음 아프,Monday,0.1
2026-06-01,4.5,그냥 영화 끝나고 나오면서 마음이 슬픈 영화,그냥 영화 끝나 나오 마음 슬프 영화,Monday,0.13900888638435788
2026-05-31,5.0,재미있게 잘 보고 갑니다,재미있 잘 보,Sunday,0.0
2026-05-31,5.0,모르겠다 정말 모르겠다,모르 모르,Sunday,0.0
2026-05-31,5.0,박지훈의 연기력과 호소력에 몰입되었어요,박 지훈 연기력 호소력 몰입,Sunday,0.0
2026-05-31,5.0,연출이 조금 아쉬우나 두번이상 봐도 안질리는 영화,연출 조금 아쉽 두 번 이상 보 안 질리 영화,Sunday,0.1
2026-05-31,5.0,단종과 엄흥도의 이야기,단종 엄흥도 이야기,Sunday,0.1
2026-05-31,5.0,그럭저럭 쏘쏘. 볼만했다,그럭저럭 쏘쏘 보 만,Sunday,0.0
2026-05-31,5.0,슬프고 감동적인 영화,슬프 감동 영화,Sunday,0.17143443142333675
2026-05-31,5.0,눈물한바가지흘리고왔어요,눈물 바가지 흘리 오,Sunday,0.1
2026-05-31,4.0,연기 좋아~ 스토리가 좀 중간이 빈 느낌이지만 비극의 연출 굿,연기 좋 스토리 중간 비 느낌 비극 연출 굿,Sunday,0.1
2026-05-30,5.0,그냥 보세요 재밌어,그냥 보 재밌,Saturday,0.1
2026-05-30,5.0,스토리가 탄탄하고 재미있었어요,스토리 탄탄 재미있,Saturday,0.0
2026-05-30,5.0,잔잔하면서도 좋아요 중딩아들은 그냥 ~이라지만 저는 좋았어요,잔잔 좋 중딩 아들 그냥 하 좋,Saturday,0.0
2026-05-30,5.0,세상은 정의롭게 살아야 합니다.,세상 정의 롭 살 하,Saturday,0.0
2026-05-30,5.0,역사를 다시 알게 되는 좋은 계기였습니다.,역사 다시 알 되 좋 계기,Saturday,0.1
2026-05-30,5.0,정말 아무생각없이 봤는데 너무 슬펐어요ㅜㅜㅜ 이런 사람들이 이었기에 지금에 우리가 있는거 같아요ㅜㅜㅜ,아무 생각 없이 보 슬프 이런 사람 잇 지금 우리 있 같,Saturday,0.1
2026-05-30,3.0,호랑이 뜬금없음. 유해진 초에 과한 연기,호랑이 뜬금없 유해진 초 과하 연기,Saturday,0.14061318659027983
2026-05-29,5.0,완전 추천이요^^감동 재 미  쵝오,완전 추천 감동 재 미 쵝오,Friday,0.1
2026-05-29,5.0,한명회 이 나쁜놈!!!!,한명회 나쁘 놈,Friday,0.0
2026-05-29,5.0,너무 슬프지만 역사를 알수 있어서 좋았습니다.,슬프 역사 알 있 좋,Friday,0.14131779616274956
2026-05-29,5.0,박지훈이 아니었으면 안 울었을 거 갘음,박 지훈 아니 안 울 갘,Friday,0.0
2026-05-29,5.0,몇 번을 봐도 눈물이 나오는 영화,몇 번 보 눈물 나오 영화,Friday,0.13895053130216903
2026-05-29,5.0,왕 사 남 아직도 여운이ㅠㅠ,왕 사 남 아직 여운,Friday,0.0
2026-05-28,4.0,"초반엔 설정이 억지스럽다 싶었는데, 볼수록 박지훈 배우와 유해진 배우의 열연과 마을 사람들의 연기에 친밀감을 느끼고 녹아들어 마지막엔 흐느껴 울 수밖에 없었음.",초반 설정 억지 스럽 싶 보 박 지훈 배우 유해진 배우 열연 마을 사람 연기 친밀감 느끼 녹아들 마지막 흐느끼 울 없,Thursday,0.16603672768859576
2026-05-28,5.0,배우들의 연기가 돈보였던 영화,배우 연기 돈 보이 영화,Thursday,0.17283839166374562
2026-05-28,4.0,때를.잘 만난 영화. 최소한 기본은 지킴,때 잘 만나 영화 최소한 기본 지키,Thursday,0.1
2026-05-28,5.0,이걸 이제야쓰네 너무좋았음,이거 이제야 쓰 좋,Thursday,0.0
2026-05-28,3.0,후 기 는 쏘  쏘,후 기 쏘 쏘,Thursday,0.0
2026-05-27,5.0,세종대왕은 자기 아버지 본 받아서 좀 집안 단도리 치고 돌아가셨어야함.,세종 대왕 자기 아버지 본 받 집안 단 도리 치 돌아가 하,Wednesday,0.0
2026-05-27,4.5,"마지막 박지훈이 저들의 손에 죽고싶지 않다고 하는 장면이  슬펐다. 영화보면서 처음으로 눈물 또르륵 ,,  재관람도 햇음 좀 짧어서 아쉽긴 했다!",마지막 박 지훈 손 죽 싶 않 하 장면 슬프 영화 보 처음 눈물 또르륵 재 관람 하 짧 아쉽 하,Wednesday,0.17109954843081032
2026-05-27,3.0,왜 중간에 자꾸 졸게되는지...ㅜㅜ,왜 중간 자꾸 졸 되,Wednesday,0.0
2026-05-27,5.0,두 번 봤어요. 내생에 간진할만한 영화입니다.,두 번 보 나 생 진하 만 영화,Wednesday,0.1
2026-05-27,3.5,유해진 그는 신이맞다,유해진 신 맞,Wednesday,0.1
2026-05-27,5.0,눈물 주르르르.. 눈물 찔끔,눈물 주르르 르 눈물 찔끔,Wednesday,0.1
2026-05-27,5.0,배우들의 연기가 압도적이였고 조화로웠습니다. 현실을 고증하는 연출도 돋보였던 영화여서 감명깊게 관람하였습니다,배우 연기 압도 조화 롭 현실 고증 연출 돋보이 영화 감명 깊 관람,Wednesday,0.17283839166374562
2026-05-27,5.0,우리의 역사를 다시 찾아보게하는 아주 좋은 영화에요 많이 슬프지만 또 많이 좋았습니다,우리 역사 다시 찾아보 하 아주 좋 영화 많이 슬프 또 많이 좋,Wednesday,0.17103876723532335
2026-05-27,5.0,너무 재밌었다 ᆢ감동^^^,재밌 감동,Wednesday,0.1413780734343819
2026-05-27,5.0,존잼갓지훈워너원떡상.,존잼갓지훈워너원떡,Wednesday,0.0
2026-05-27,5.0,좋넹ㅍ 아아아 좋아요 ㅎㅎㅎ,좋 ᆼ 좋,Wednesday,0.0
2026-05-26,5.0,아직도 생생하게 기억나는 줄거리.. 너무 재밌었어요,아직 생생 기억나 줄거리 재밌,Tuesday,0.1
2026-05-26,5.0,다 우네요..전 안 울엇어요! 하지만 슬퍼요..ㅜ,다 울 안 울 하지만 슬프,Tuesday,0.1
2026-05-26,5.0,슬퍼요 잘 봤습니다,슬프 잘 보,Tuesday,0.1
2026-05-26,5.0,모두 연기를 잘하셔서 몰입해서 볼 수 있었습니다,모두 연기 잘 하 몰입 보 있,Tuesday,0.1
2026-05-26,5.0,보고 나오면서 다시 보고싶은 영화는 처음이었어요.,보 나오 다시 보 싶 영화 처음,Tuesday,0.1
2026-05-26,5.0,박지훈과 유해진의 찰떡궁합이 영화를 살렸다,박 지훈 유해진 찰떡궁합 영화 살리,Tuesday,0.1392133770973615
2026-05-26,3.5,전체적인 스토리 해학적임,전체 스토리 해학,Tuesday,0.0
2026-05-26,5.0,너무재밌었다 연기도 영상미도,재밌 연기 영상미,Tuesday,0.1404434465272252
2026-05-26,5.0,"스토리도 좋고, 배우님들이 연기를 전부잘하셔서 몰입이 더 잘됩니다",스토리 좋 배우 연기 전부 잘 하 몰입 잘 되,Tuesday,0.14141996335306634
2026-05-26,4.5,박지훈 배우와 유해진 배우의 연기 시너지 대박,박 지훈 배우 유해진 배우 연기 시너지 대박,Tuesday,0.16603672768859576
2026-05-26,5.0,박지훈 배우님이 진짜 연기를 너무 잘하세요.. 눈빛이 다했다,박 지훈 배우 연기 잘 하 눈빛 다하,Tuesday,0.14141996335306634
2026-05-26,5.0,울라고 만든 영화같음,울 만들 영화 같,Tuesday,0.1
2026-05-26,5.0,웃고 울고 감정의 여운이 깊게 남아요,웃 울 감정 여운 깊 남,Tuesday,0.0
2026-05-26,5.0,영화 잘 만들었고 내용 괜찮았어요.,영화 잘 만들 내용 괜찮,Tuesday,0.1
2026-05-26,5.0,스토리 잘 살린것같음 만족함,스토리 잘 살리 같 만족,Tuesday,0.0
2026-05-25,5.0,우리단종전하절대지켜....ㅠㅠ,우리 단종 전하 절대 지키,Monday,0.1
2026-05-25,5.0,이렇게 슬프게 할거냐 증말,이렇 슬프 하 증말,Monday,0.1
2026-05-25,5.0,역사를 잊은 자 슬퍼요,역사 잊 자 슬프,Monday,0.14131779616274956
2026-05-25,3.0,그냥 그랬다. 슬프긴한데,그냥 그렇 슬프 하,Monday,0.1
2026-05-25,4.5,재미있게 잘 봤어요,재미있 잘 보,Monday,0.0
2026-05-25,5.0,감동 이에요 넘넘 잘 보았습니다 ^^,감동 넘넘 잘 보,Monday,0.1
2026-05-25,5.0,믿고 보는 배우 유해진 케미는 항상 재밌어요,믿 보 배우 유해진 케미 항상 재밌,Monday,0.1722259605274295
2026-05-25,5.0,큰기대안하고왔었는데 너무 몰입해서봤네요,크 기대 안 하 오 몰입 보,Monday,0.0
2026-05-25,4.5,전국민이 봐야했던 영화ᆢㅎ 넘잼나게 봤지요,전 국민 보 하 영화 넘 잼 나 보,Monday,0.1
2026-05-25,5.0,배우 연기 재밌어요!!!,배우 연기 재밌,Monday,0.17200559220340902
2026-05-25,5.0,종나 슬프고 재밌음,종 슬프 재밌,Monday,0.1413373090408129
2026-05-25,5.0,막차타고 봤지만 눈물나는영화,막차 타 보 눈물 나 영화,Monday,0.13895053130216903
2026-05-25,5.0,유해진 배우님하고 박지훈 배우님 케미가 재미있었고 좋았습니다:),유해진 배우 박지훈 배우 미 재미있 좋,Monday,0.13781829726899172
2026-05-25,5.0,역사의 만약을 생각해 보게되는 영화~ 아이와 보기 좋았어요~,역사 만약 생각 보 되 영화 아이 보 좋,Monday,0.13885660499334512
2026-05-25,5.0,엄청 많이 재미있었어요,엄청 많이 재미있,Monday,0.0
2026-05-25,3.0,연출은 부족한데 박지훈 눈빛이랑 유해진 연기력으로 끌고감. 알면서도 막판에 눈물을 펑펑 흘림,연출 부족 박 지훈 눈빛 유해진 연기력 끌 알 막판 눈물 펑펑 흘리,Monday,0.14141282450275688
2026-05-25,5.0,박지훈 배우 보석같은 인재를 발견했네요,박 지훈 배우 보석 같 인재 발견,Monday,0.1
2026-05-25,5.0,모든면에서 무척 흥미진지하고 재미이었어요,모든 면 무척 흥미 진지 재미,Monday,0.0
2026-05-25,5.0,장항준 감독님의 역대급 영화,장항준 감독 역대 급 영화,Monday,0.1
2026-05-25,5.0,모든게완벽짱완벽연기짱,모든 완벽 짱 완벽 연기 짱,Monday,0.1
2026-05-24,5.0,유해진 배우가 다 했따,유해진 배우 다 하 따,Sunday,0.1405464490516051
2026-05-24,5.0,재미있게 보았어요..,재미있 보,Sunday,0.0
2026-05-24,5.0,너무 아름답고 가슴아픈  영화였어요,아름답 가슴 아프 영화,Sunday,0.1
2026-05-24,5.0,처음으로 극장가서 두번 본 영화  지루하지 않게 전개되어 재밌었고 박지훈의 눈빛연기가 너무 슬퍼 토보러 간영화 잘봤다,처음 극장 두 번 보 영화 지루 않 전개 재밌 박 지훈 눈빛 연기 슬프 토 보 영화 잘 보,Sunday,0.19583997148472093
2026-05-24,5.0,가족하고 보기 좋은 유익한 영화. 유해진 배우 연기에 감탄,가족 보 좋 유익 영화 유해진 배우 연기 감탄,Sunday,0.19825665057245345
2026-05-24,5.0,통통한 한명회가 아쉽고 나머지 배우들의 열연이 좋다,통통 한명회 아쉽 나머지 배우 열연 좋,Sunday,0.1
2026-05-23,5.0,유해진 진짜 대상 받을만 하다. 딱 영화 보면 알아요. 이거 무조건 대상감이다.,유해진 대상 받 만 하 딱 영화 보 알 이거 무조건 대상,Saturday,0.1392133770973615
2026-05-23,5.0,"단종의 새로운 스토리를 알게된 역사 이야기 였고, 단종을 지켜준 역사인물이 있어 새로운 역사을 알게된 느낌입니다.",단종 새롭 스토리 알 되 역사 이야기 단종 지키 주 역사 인물 있 새롭 역사 알 되 느낌,Saturday,0.1381898912045888
2026-05-23,5.0,GOOD!! 무슨말이 필요할까요...,무슨 말 필요,Saturday,0.0
2026-05-23,5.0,3번정도 여기저기서 봤는데 잼냈음,번 정도 여기저기 보 잼 내,Saturday,0.0
2026-05-23,5.0,모든 배우들이 연기가 좋았습니다,모든 배우 연기 좋,Saturday,0.14141996335306634
2026-05-23,4.5,호랑이 빼고 다 좋아요,호랑이 빼 다 좋,Saturday,0.0
2026-05-23,5.0,모든것이 하나처럼 보였어요.,모든 하나 보이,Saturday,0.0
2026-05-23,4.0,"끌리는 스타일의 영화가 아니라 안보고 버티다가 막차 타고 봤는데, 천만까지? 싶은 영화였네요",끌리 스타일 영화 아니 안 보 버티 막차 타 보 천만 싶 영화,Saturday,0.1
2026-05-23,4.0,뻔하지만 재밌다! 더 알아보고싶어지는 내용,뻔하 재밌 알아보 싶 지 내용,Saturday,0.1
2026-05-23,4.5,명성답게 잘 봤습니다.,명성 답 잘 보,Saturday,0.0
2026-05-23,5.0,배우의 연기력+ 스토리 너무너무재미있습,배우 연기력 스토리 너무너무 재미있 습,Saturday,0.1
2026-05-23,5.0,완과사는남자 너무감동적입니다,완 사 남자 감동,Saturday,0.1
2026-05-23,3.0,연출이 많이 아쉬웠다 ㅠ,연출 많이 아쉽,Saturday,0.0
2026-05-23,5.0,연기를 너무 잘 하셨어요 다들,연기 잘 하 다,Saturday,0.1
2026-05-22,3.0,평범한 완성도를 감추는 배우들의 연기 차력 쇼,평범 완성도 감추 배우 연기 차력 쇼,Friday,0.14141996335306634
2026-05-22,4.0,역사와 나를 이어주는 영화. 빈약한 연출에도 깊이 몰입된다,역사 나 잇 주 영화 빈약 연출 깊이 몰입,Friday,0.13885660499334512
2026-05-22,5.0,유해진 박지훈이 다했다,유해진 박지훈 다 하,Friday,0.1
2026-05-22,3.5,"구린 CG, 구린 화면전환, 구린 조명 연출이었지만 그래도 배우들이 다 커버치는 듯함. 재미는 있었음.",구린 구리 화면 전환 구리 조명 연출 그래도 배우 다 커버 치 듯 재미 있,Friday,0.1
2026-05-22,5.0,완벽 그자체의 영화 연출 연기 스토리까지 완벽,완벽 자체 영화 연출 연기 스토리 완벽,Friday,0.14104769461861746
2026-05-22,5.0,잘 봤습니다. 감동👍😭😭,잘 보 감동,Friday,0.1
2026-05-22,5.0,배우의 표정과 대사 한마디에 그 인물의 모든 감정이 이입되서 눈물을 쏟은건 처음이에요ㅠㅠ,배우 표정 대사 한마디 인물 모든 감정 이입 되 눈물 쏟 처음,Friday,0.14037056049135316
2026-05-22,5.0,"""네가 감히 왕족을 능멸하는가!"" 말할때 박지훈 멋있음..",너 감히 왕족 능멸 말 때 박 지훈 멋있,Friday,0.0
2026-05-22,5.0,오랬만에 제대로된 역사영화,오 하 만 제대로 되 역사 영화,Friday,0.13885660499334512
2026-05-22,5.0,뒤늦게 봤는데 좋네요👍👍,뒤늦 보 좋,Friday,0.0
2026-05-21,4.5,호랑이 장면 옥의 티,호랑이 장면 옥 티,Thursday,0.0
2026-05-21,5.0,눈빛이다했다....,눈빛 다하,Thursday,0.0
2026-05-21,5.0,영화 재미있게 봤네요.,영화 재미있 보,Thursday,0.1
2026-05-21,5.0,아는내용인데..눈물나네요?,아 내용 눈물 나,Thursday,0.1
2026-05-21,5.0,사람들 다 보고 늦게 보고싶어서 봤는데 보는 내내 눈물만 흘리다 나왔네요.,사람 다 보 늦 보 싶 보 보 내내 눈물 흘리 나오,Thursday,0.1
2026-05-21,5.0,"너무 감동 있게 관랑 했어요.. 배우들의 연기 뛰어나고,,구성 내용도 좋아요.. 지금도 여운이 남아 있네요~",감동 있 관랑 하 배우 연기 뛰어나 구성 내용 좋 지금 여운 남 있,Thursday,0.17245293280219456
2026-05-21,5.0,역사에 스포당해도 애잔한 마음은 어쩔수가 없네요,역사 스포 당하 애잔 마음 어쩌 없,Thursday,0.1
2026-05-21,3.5,역사 교육에 도움을 받음,역사 교육 도움 받,Thursday,0.1
2026-05-20,5.0,어머니랑 함께 재미있게 잘 봤어요,어머니 함께 재미있 잘 보,Wednesday,0.0
2026-05-20,5.0,감동 받고 펑펑 울었음.ㅠㅠ,감동 받 펑펑 울,Wednesday,0.1
2026-05-20,5.0,너무너무 감동적이고 눈물나게하는 역사적스토리,너무너무 감동 눈물 나 하 역사 스토리,Wednesday,0.1731505231013223
2026-05-20,4.0,역사적 사실에 미감과 생동감을 더한 작품,역사 사실 미감 생동감 더하 작품,Wednesday,0.1
2026-05-20,5.0,배우들의 연기가 최고입니다,배우 연기 최고,Wednesday,0.14141996335306634
2026-05-20,5.0,눈물이막철철철남 극장에 5분동안 남아잇엇움...,눈물 막 철철 철 남 극장 분 동안 남 잇 움,Wednesday,0.1
2026-05-20,5.0,연기를 다 잘한다. 호랑이만 못하더라,연기 다 잘 하 호랑이 못 하,Wednesday,0.1
2026-05-20,3.0,"화면영상과 연출,전개가무난한것같아요.",화면 영상 연출 전개 무난 같,Wednesday,0.0
2026-05-20,4.0,이게 영화지. 속빈 강정 같은 요즘 영화와는 다르다.,이것 영화 속 비 강정 같 요즘 영화 다르,Wednesday,0.1
2026-05-20,5.0,왕과사는남자 눈물이 주륵주륵,왕 사 남자 눈물 주륵주륵,Wednesday,0.1
2026-05-20,5.0,극장에 가서 볼 가치있었다,극장 보 가치 있,Wednesday,0.0
2026-05-19,5.0,눈물이 진짜 많이 나왔다,눈물 많이 나오,Tuesday,0.1
2026-05-19,3.5,한명회 내 이놈. 곤장을 죽을 때까지 매우 쳐라.,한명회 나 이놈 곤장 죽 때 매우 치,Tuesday,0.0
2026-05-19,5.0,정보없이 봤어요. 인기가 있을 만해요. 흥미진진 재미 감동,정보 없이 보 인기 있 만 흥미 진진 재미 감동,Tuesday,0.1
2026-05-19,5.0,단종대왕님 이번 생에선 행복만 하세요🫶🏻,단종 대왕 이번 생 행복 하,Tuesday,0.1
2026-05-19,5.0,마지막장ᆢ니넘좋았어요,마지막 장 니 넘 좋,Tuesday,0.0
2026-05-19,5.0,너무 재밌어서 3번 봤는데도 감동입니다,재밌 번 보 감동,Tuesday,0.1413780734343819
2026-05-19,3.5,재미있어요. 배우들 연기도 좋아요,재미있 배우 연기 좋,Tuesday,0.14141996335306634
2026-05-19,5.0,호랑이만 빼면 2026최고의 작품,호랑이 빼 최고 작품,Tuesday,0.0
2026-05-19,5.0,역사의 진실과 냉혹함이,역사 진실 냉혹,Tuesday,0.1
2026-05-19,5.0,배우들에게 느껴지는 간절한 진심,배우 느끼 지 간절 진심,Tuesday,0.1
2026-05-18,4.0,배우들이 멱살끌고간 영화,배우 멱살 끌 영화,Monday,0.14109147785542173
2026-05-18,5.0,영화관에서 안보면 후회할뻔...배우들의 연기 차력쇼👍,영화관 안 보 후회 뻔 배우 연기 차력쇼,Monday,0.14141996335306634
2026-05-18,4.0,음.. 조금 더 힘을 넣을수 있었는데.. 하는.. 여기서 이런 장면이 연출되었으면 어땠을까 싶었던.. 내겐 아쉬운 작품~ 그래도 극장에서 오래간만에 감동을 느낄수 있어 좋았네요.,조금 힘 넣 있 하 여기 이런 장면 연출 어떻 싶 나 아쉽 작품 그래도 극장 오래간만 감동 느끼 있 좋,Monday,0.1
2026-05-17,4.5,늦게 봐서 ‘호랑이’ 이야기를 듣고 보니 스토리상 중요해서 제대로 다시 손봐야한다고 생각이 가장 먼저 들었네요^^ 나머지 감상 느낌은 대만족!!,늦 보 호랑이 이야기 듣 보 스토리 중요 제대로 다시 손보 하 생각 가장 먼저 나머지 감상 느낌 대 만족,Sunday,0.0
2026-05-17,5.0,너무너무너무너무 재밌다,너무너무 너무너무 재밌,Sunday,0.1
2026-05-17,5.0,유해진배우 멱살캐리 영화,유해진 배우 멱살캐리 영화,Sunday,0.17125124357502614
2026-05-17,5.0,한 편의 동화를 보는 듯한 느낌이어서 어른 아이가 즐기기 좋은 웰메이드 영화,편 동화 보 듯 느낌 어른 아이 즐기 좋 웰 메이드 영화,Sunday,0.1
2026-05-17,5.0,흥도의 강가에서의 시신수습장면과 단종의 물장난하는 모습에 눈물을 흘리면서 깊은 울링을 받았어요,흥 강가 시신 수습 장면 단종 물장난 하 모습 눈물 흘리 깊 울링 받,Sunday,0.14140646168240725
2026-05-17,5.0,너무나 잘보았습니다.아들도 몰입하며 잘보더라구요,너무나 잘 보 몰입 잘 보,Sunday,0.0
2026-05-17,4.0,잘 만든 스토리텔링 약간의 아쉬움은 어쩔 수 없다,잘 만들 스토리텔링 약간 아쉬움 어쩌 없,Sunday,0.0
2026-05-17,3.0,유해진의 드리블 전진에 막판 슛까지 원맨쇼임,유해진 드리블 전진 막판 슛 원맨쇼,Sunday,0.1
2026-05-17,4.0,재미있게 잘봤습니다~,재미있 잘 보,Sunday,0.0
2026-05-17,4.0,괜찮아요괜찮아요~~,괜찮 괜찮,Sunday,0.0
2026-05-17,5.0,"비극의 역사 위로 피어난 인간애, 유해진과 박지훈이 완성한 처연하고도 따뜻한 사극.",비극 역사 위 피어나 인간애 유해진 박지훈 완성 처연 따뜻 사극,Sunday,0.1414058946680184
2026-05-17,5.0,완벽하네요. 스토리도  연출도  배우  연기도 박지훈님과  유해진님의  연기  티키타카가  굿,완벽 스토리 연출 배우 연기 박 지훈 님 유해진 님 연기 티키타카 굿,Sunday,0.16570939891306935
2026-05-17,5.0,아는 배우들이 나오길래 호기심에 막차탔는데 비극적인 결말이라 실망입니다 억울하게 탄핵되신 윤석열 대통령님이 생각납니다 ㅠㅠ,아 배우 나오 호기심 막차 타 비극 결말 실망 억울 탄핵 되 윤석열 대통령 생각나,Sunday,0.1
2026-05-17,5.0,눈물이 느껴질 정도로 슬픈 과거네여. 영화잘봤습니다...감사합니다^^/,눈물 느끼 지 정도 슬프 과거 영화 잘 보 감사,Sunday,0.17109954843081032
2026-05-17,4.0,배우들이 연기를 너무 잘했어요,배우 연기 잘 하,Sunday,0.14141996335306634
2026-05-17,5.0,한국 영화 마무리가 애매하고 결정적인 마침이 늘 허접했는데 이 영화는 잘 익은 호박같다,한국 영화 마무리 애매 결정 마치 늘 허접 영화 잘 익 호박 같,Sunday,0.1
2026-05-17,5.0,말이 필요없음. 그냥 보셈.,말 필요 없 그냥 보세,Sunday,0.0
2026-05-17,5.0,단종의 미모와 모든 배우들의 연기력이 대단함 CG가 생각보다 깸 가난한 이가 인간관계로 변심하는 클리셰도 좋지만 엄흥도가 문신이니 충의적 고민을 해도 좋았을듯 대중은 노잼이었겠지만,단종 미모 모든 배우 연기력 대단하 생각 깨 가난 인간 관계 변심 클리셰 좋 엄 흥 문신 충의 고민 하 좋 듯 대중 노잼,Sunday,0.14059973721315727
2026-05-16,5.0,조금도 지루함없이 재밋게 보았네요..,조금 지루 없이 재밋 보,Saturday,0.0
2026-05-16,5.0,재미있게 잘 봤습니다. 유해진 배우님의 연기력이 볼만합니다.,재미있 잘 보 유해진 배우 연기력 보 만,Saturday,0.1405464490516051
2026-05-16,5.0,감정 몰입이 좋았어요.,감정 몰입 좋,Saturday,0.0
2026-05-16,4.0,단종과 엄흥도의 비극 브로맨스,단종 엄흥도 비극 브로맨스,Saturday,0.1
2026-05-16,4.5,궁금해서 관람했어요,궁금 관람,Saturday,0.0
2026-05-16,5.0,눈물없이 못보는 그치만 모든게 완벽했던 영화 연기자들이 모두 최고의 연기를 보여줍니다.,눈물 없이 못 보 그치만 모든 완벽 영화 연기자 모두 최고 연기 보이 주,Saturday,0.17101023032399243
2026-05-16,5.0,안보면 평생 후회 지금 늦었어도 봐,안 보 평생 후회 지금 늦 보,Saturday,0.0
2026-05-16,5.0,여운이 깊은 영화. 또 봐야겠어요,여운 깊 영화 또 보,Saturday,0.1
2026-05-16,5.0,너무 감동적이고 슬퍼요ㅠㅠㅠ 꼭 보길 강추!! 특히 박지훈 얼굴이 아주그냥 ㅎㅎ,감동 슬프 꼭 보 특히 박 지훈 얼굴 아주 그냥,Saturday,0.14141463021107845
2026-05-16,5.0,단종이 참 안타깝네 어린 나이에..유해진도 대단함. 감독도 잘했네,단종 참 안타깝 어리 나이 유해진 대단하 감독 잘,Saturday,0.14142047498362673
2026-05-16,5.0,가족들이랑 늦게 영화를 접했는데 왜 흥행했는지 여실히 알수있을만큼 좋은 영화였어요 출연하신 모든 배우분 스탭분들께 좋은 영화 만들어주셔서 감사하다고  인사  남기고싶네요^^,가족 늦 영화 접하 왜 흥행 여실히 알 있 만큼 좋 영화 출연 모든 배우 분 스탭 분 좋 영화 만들 주 감사 인사 남기 싶,Saturday,0.12911617540894724
2026-05-16,5.0,이야기가 잘생겼고 박지훈이 미쳤어요,이야기 잘생기 박 지훈 미치,Saturday,0.0
2026-05-16,5.0,재미있어요 재관람 했어여,재미있 재 관람,Saturday,0.0
2026-05-16,5.0,너무 재밌어요..또보고 싶은영화,재밌 또 보 싶 영화,Saturday,0.13895053130216903
2026-05-16,5.0,사람간 의리가 무엇인지 보여주는 감동적인 스토리와 역시 배우분들의 연기가 돋보였어요!,사람 간 의리 무엇 보이 주 감동 스토리 역시 배우 분 연기 돋보이,Saturday,0.17245293280219456
2026-05-16,5.0,박지훈배우의 눈빛을 잊을수가없습니다 덕분에 역사에대해 다시공부하고 자각하는 계기가되었습니다 박지훈배우님의 무대인사에 반해서 팬이되었네요 영화도감동 배우님도감동이었어요,박 지훈 배우 눈빛 잊 없 덕분 역사 대하 다시 공부 자각 계기 되 박지훈 배우 무대 인사 반하 팬 되 영화 감동 배우 감동,Saturday,0.18235691142019997
2026-05-16,5.0,마지막에 정말 저런결말인지 모르고 봤다다 펑펑울엇네오,마지막 저런 결말 모르 보 다 펑펑 울,Saturday,0.0
2026-05-15,5.0,역사적 사실을 바탕에 두고 이런 상상을 할 수 있다는게 멋지다. 영화를 보면서 리바운드에 출연했던 배우들을 찾으면서 볼 수 있다는 것도 재밌었다.,역사 사실 바탕 두 이런 상상 하 있 멋지 영화 보 리바운드 출연 배우 찾 보 있 재밌,Friday,0.1974216830380378
2026-05-15,5.0,잘봤어요 배우들 연기력 너무 좋아요,잘 보 배우 연기력 좋,Friday,0.1
2026-05-15,4.0,슬프도록 아름다운 두 사람의 눈빛,슬프 아름답 두 사람 눈빛,Friday,0.1
2026-05-15,5.0,잼있게봤어요 영화안에 따뜻함을느꼈어요,잼 있 보 영화 안 따뜻 느끼,Friday,0.1
2026-05-15,5.0,영화값 아깝지 않게 재밌게 봤어요.,영화 값 아깝 않 재밌 보,Friday,0.13895053130216903
2026-05-15,5.0,"분노 슬픔 감동 눈물 ㅜ,ㅜ 단편적인 ㅜㅜ 좋았더라",분노 슬픔 감동 눈물 단편 좋,Friday,0.1413780734343819
2026-05-15,5.0,진정한 왕이란 무엇인가,진정 왕 무엇,Friday,0.0
2026-05-15,3.0,무난하게 볼 수 있는 작품. 유해진의 연기는 좋았다,무난 보 있 작품 유해진 연기 좋,Friday,0.14061318659027983
2026-05-15,4.5,유해진님 작품을 좋아하고 사극을 좋아해서 잘 봤습니다.,유해진 작품 좋아하 사극 좋아하 잘 보,Friday,0.1
2026-05-15,5.0,왜  1600만 관객 나오는줄 알겠어요 너무 슬프네요 한국영화라 기쁩니다,왜 만 관객 나오 줄 알 슬프 한국 영화 기쁘,Friday,0.13973242642691122
2026-05-15,2.0,억지 눈물 갈구하는 신파 좋아하지 않아서 끝까지 안보려다 봤는데 조금만 더 참을껄. 잔망스러운 장항준 감독과 꼭 닮은 영화 그 자체. 마케팅 참 잘 했다 생각뿐.,억지 눈물 갈구 신파 좋아하 않 끝 안 보 하 보 조금 참 꺼 잔망 스럽 장항준 감독 꼭 닮 영화 자체 마케팅 참 잘 생각,Friday,0.13895053130216903
2026-05-15,4.5,오랫만에 보느 사극이라 더 좋았고 배우들의 뛰어난 연기력이 더욱 ㅏㅁ동을 줌,오랫만 보느 사극 좋 배우 뛰어나 연기력 더욱 동 주,Friday,0.1
2026-05-15,5.0,너무너무 좋은 영화였다,너무너무 좋 영화,Friday,0.1
2026-05-15,3.0,이게 천만? 장항준 사주 갖고싶다,이것 천만 장 항 준 사 주 갖 싶,Friday,0.0
2026-05-15,4.5,단종님과 씨지 호랑이,단종 씨지 호랑이,Friday,0.1
2026-05-14,5.0,배우의 연기력과 감독의 연출ᆢ영상미에 감동이 있어서 최고였어요~!!,배우 연기력 감독 연출 영상미 감동 있 최고,Thursday,0.1407452034463946
2026-05-14,5.0,노루같은 왕 호랑이같은 신하 재미있었다,노루 같 왕 호랑이 같 신하 재미있,Thursday,0.0
2026-05-14,5.0,단종 주변 인물에 대하여 새로운 관점으로 재미있게 보았습니다.,단종 주변 인물 대하 새롭 관점 재미있 보,Thursday,0.1
2026-05-14,3.5,이홍위의 눈빛...,이홍위 눈빛,Thursday,0.0
2026-05-14,5.0,보면서  재밌고 슬프고 화나고 울면서 봤던영화!!역시 천만영화,보 재밌 슬프 화나 울 보 영화 역시 천만 영화,Thursday,0.17070335124161992
2026-05-14,5.0,드라마같은 단종의 아픈 이야기,드라마 같 단종 아프 이야기,Thursday,0.1
2026-05-14,5.0,명불허전. 배우님들의 연기가 초고네요.,명불허전 배우 연기 초고,Thursday,0.14141996335306634
2026-05-14,5.0,두번째 관람인데 처음에 못 본 것들도 보이고 알면서 봐도 더 재미있고 또 많이 울었어요.,두 번 관람 처음 못 보 보이 알 보 재미있 또 많이 울,Thursday,0.0
2026-05-14,5.0,"최고 흥행작 답게 웃고,울고 했어요",최고 흥행작 답 웃 울 하,Thursday,0.0
2026-05-14,3.5,무난히 볼만했는데 역대 2위 할정도인가 싶다.. 한명회 눈빛연기가 압권,무난히 보 만 역대 위 하 정도 싶 한명회 눈빛 연기 압권,Thursday,0.1
2026-05-14,4.0,연기를 너무 잘해서 넋을잃고 봤어요!,연기 잘 넋 잃 보,Thursday,0.1
2026-05-14,5.0,감동적인 스토리여서 너무 인상 깊었어요,감동 스토리 인상 깊,Thursday,0.1
2026-05-13,5.0,재밌게 잘 봤습니다...^^~~~!,재밌 잘 보,Wednesday,0.1
2026-05-13,5.0,유혜진 혼자 다 함 영화,유혜진 혼자 다 하 영화,Wednesday,0.1
2026-05-13,1.0,미디어가 물고 빨고 하는 이유를 모르겠다... 주연 연기는 좋았음.,미디어 물 빨 하 이유 모르 주연 연기 좋,Wednesday,0.1
2026-05-13,3.5,1600만 이상을 기록한 영화이나 그저 타이밍을 잘 타고난 영화라고 생각함 하지만 잘 만들어진 영화는 맞는듯 함,만 이상 기록 영화 그저 타이밍 잘 타고나 영화 생각 하지만 잘 만들 지 영화 맞 듯 하,Wednesday,0.1
2026-05-13,3.0,기대했던 것 보다 실망…,기대 실망,Wednesday,0.0
2026-05-13,5.0,너무나 즐겁고 몰입해서 관람 했습니다.,너무나 즐겁 몰입 관람,Wednesday,0.0
2026-05-13,5.0,공감할수있는 소재의 영화네요,공감 있 소재 영화,Wednesday,0.1
2026-05-13,5.0,유해진 대상 받은거 보고 다시 보러갔음,유해진 대상 받 보 다시 보,Wednesday,0.1
2026-05-13,5.0,왕사남 흑흑 우리 전하 살려내 이나쁜수양놈아 표독한한명회 너무 싫다,왕사남 흑흑 우리 전하 살리 내 나쁘 수양 놈 표독 한명회 싫,Wednesday,0.0
2026-05-13,5.0,영화를보보  청령포도다녀왔지요,영화 보 보 청령포 다녀오,Wednesday,0.1
2026-05-13,3.5,천만까지는 아닌거 같은데..,천 만 아니 같,Wednesday,0.0
2026-05-12,5.0,진짜진짜 완전 강추 꼭 보셈,완전 꼭 보세,Tuesday,0.0
2026-05-12,5.0,두번째 관람 또 봐도 좋고 슬프고 좋아요,두 번 관람 또 보 좋 슬프 좋,Tuesday,0.1
2026-05-12,4.5,유해진 배우님의 연기를 볼 수 있어서 감사합니다. 이제 극장상영이 끝나가는데...  조용하게 관람하며 감정을 정리할 수 있었어요.,유해진 배우 연기 보 있 감사 이제 극장 상영 끝나 조용 관람 감정 정리 있,Tuesday,0.1722172908380732
2026-05-12,5.0,끝까지 보다가 나왔습니다만,끝 보 나오,Tuesday,0.0
2026-05-12,5.0,유해진배우님 박지훈배우님 명연기최고!!,유해진 배우 박지훈 배우 명 연기 최고,Tuesday,0.16603672768859576
2026-05-12,5.0,친구가 손수건 준비하라는 이유를 알겠어요. 너무나 가슴아프고 아름답고 이루 말할 수 없이 감동적이었습니다.,친구 손수건 준비 이유 알 너무나 가슴 아프 아름답 이루 말 없이 감동,Tuesday,0.1
2026-05-11,5.0,인간이 사는게 예나 지금이나 돈 권력과 부와가난 피할수가 없네요9,인간 사 예 지금 돈 권력 부 가난 피하 없,Monday,0.0
2026-05-11,5.0,영화 소재가 너무 좋은 것 같아요!,영화 소재 좋 같,Monday,0.1
2026-05-11,5.0,마지막에 진자 개슬펏음ㅜㅜ,마지막 진자 개 슬프,Monday,0.1
2026-05-11,4.0,동서양을 떠나 강을 건넌다는 것은 비슷한 의미를 지니고 있는 것 같다.,동서양 떠나 강 건너 비슷 의미 지니 있 같,Monday,0.0
2026-05-11,3.5,이게 왜? 기대가 너무 컸나?,이것 왜 기대 크,Monday,0.0
2026-05-11,4.5,단종한테푹빠졌으옹흐엉,단종 푹 빠지 옹 흐엉,Monday,0.1
2026-05-10,5.0,부모님과 함께 관람했습니다,부모 함께 관람,Sunday,0.0
2026-05-10,5.0,천칠백만이 되면서 영화를 봤는데 박지훈님의 눈빛이 절반이네요. 배우들이 다 해주었다고 봅니다,천 칠 백 만 되 영화 보 박 지훈 눈빛 절반 배우 다 하 주 보,Sunday,0.14109147785542173
2026-05-10,5.0,넘 볼때 울어었습니다ㅠㅠ,넘 보 때 울,Sunday,0.0
2026-05-10,4.0,"스케일 큰 거 기대 안 했는데, 앞에 마을 사람들하고 감정 쌓아가는 거, 더 촘촘히 보여주지. 나는 감정적으로 아쉬움이 많다.",스케일 크 기대 안 하 앞 마을 사람 감정 쌓 촘촘히 보이 주 나 감정 아쉬움 많,Sunday,0.0
2026-05-10,5.0,유해진 최고 강원도 멋져요,유해진 최고 강원도 멋지,Sunday,0.1
2026-05-10,5.0,역사에 관심을 가지게 만들어 주셔서 감사합니다!!!!,역사 관심 가지 만들 주 감사,Sunday,0.1
2026-05-10,5.0,완전 눈물 괄괄 감동적이였고 배우들 합이 잘맞았어요!,완전 눈물 괄괄 감동 배우 합 잘 맞,Sunday,0.17229688553154288
2026-05-10,3.0,"음악과 동물 CG가 너무 거슬렸던, 스토리와 연기가 끌고 갔던 영화",음악 동물 거슬리 스토리 연기 끌 영화,Sunday,0.14104769461861746
2026-05-10,5.0,"몇번을 봐도 너무 재밌어요,,박지훈 진짜 잘생김,,",몇 번 보 재밌 박지훈 잘 생기,Sunday,0.1
2026-05-10,5.0,조선 왕조에 비극~@@,조선 왕조 비극,Sunday,0.0
2026-05-10,5.0,슬펐어요ㅜㅜ. 감동감동~,슬프 감동 감동,Sunday,0.13381313752846405
2026-05-09,4.0,"많이 기대 안 했는데 재밌게 봤어요. 웃다가 울다가 하면서요. 연기, 영상미, 연출, 스토리 다 좋았어요",많이 기대 안 하 재밌 보 웃 울 하 연기 영상미 연출 스토리 다 좋,Saturday,0.1404434465272252
2026-05-09,4.5,흥미로운 역사의 세계!,흥미 롭 역사 세계,Saturday,0.1
2026-05-09,3.5,박지훈을 배우로 각인시켜준 영화,박 지훈 배우 각인 주 영화,Saturday,0.14109147785542173
2026-05-09,5.0,잔잔하고 감동적이였어요!!,잔잔 감동,Saturday,0.1
2026-05-09,4.5,배우들이 이야기를 잘 살림. 유해진과 유지태는 참 귀하다.,배우 이야기 잘 살림 유해진 유지태 참 귀하,Saturday,0.1405464490516051
2026-05-09,5.0,이제야 쓰는 후기... 간만에 영화관에서 사람의 온기를 느낄 수 있었던 소중한 시간이었다. 꽉 찬 영화관에서 모두가 한 마음으로 웃고 울고 한 게 얼마만인지...,이제야 쓰 후기 간만에 영화관 사람 온기 느끼 있 소중 시간 꽉 차 영화관 모두 마음 웃 울 하 얼마 만,Saturday,0.0
2026-05-09,5.0,"역시 믿고보는 유해진,유지태,박지훈!! 복권작전이 성공햤다면 어땠을까?? 재밌게 잘봤어요~",역시 믿 보 유해진 유지태 박지훈 복권 작전 성공 햤 어떻 재밌 잘 보,Saturday,0.14141282450275688
2026-05-09,5.0,감동과 재미가 있는 영화,감동 재미 있 영화,Saturday,0.13952459798792174
2026-05-09,4.0,잔인한 흑역사가 배경임에도 사람간의 따스한 정을 보여준 영화. 단종 12-17세에 걸친 장면들에서박지훈의 굵고 낮은 성인남성 음성이 소년왕의 이미지와 동떨어져 몰입에 방해되었음.,잔인 흑역사 배경 사람 간 따스 정 보이 주 영화 단종 세 걸치 장면 박 지훈 굵 낮 성인 남성 음성 소년 왕 이미지 동떨어지 몰입 방해,Saturday,0.13929514481359492
2026-05-09,4.5,세조 묘역에 악플달러감,세조 묘역 악플 달,Saturday,0.0
2026-05-08,5.0,권력과 사랑 사이에서 흔들리는 인물들의 감정선이 인상적이었던 영화입니다. 묵직한 분위기와 배우들의 섬세한 연기가 오래 기억에 남는 작품이었어요.,권력 사랑 사이 흔들리 인물 감정 선 인상 영화 묵직 분위기 배우 섬세 연기 오래 기억 남 작품,Friday,0.17283839166374562
2026-05-08,3.0,너무 기대하지 않고 보면 무난하게 볼만함.,기대 않 보 무난 보 만,Friday,0.0
2026-05-08,5.0,기대이상 입니다 추천,기대 이상 추천,Friday,0.0
2026-05-08,1.0,진짜 타이밍 좋게 개봉해서 천만갔네.웬만해선 영화보고 재미없다는말 안하는데 이건 심하네;;,타이밍 좋 개봉 천만 웬만 영화 보 재미없 말 안 하 이거 심하,Friday,0.1
2026-05-08,5.0,한번 더 보고싶을 정도로 재미있게 봤습니다,번 보 싶 정도 재미있 보,Friday,0.0
2026-05-08,3.0,내용은 심플한데 임펙트도 있고  근데 사람들이 파도타기 했는지  이게 1600만이나 될 영화인가싶네  제가 기대를 너무 한걸수도,내용 심플 임펙트 있 근데 사람 파도타기 이것 만 되 영화 싶 기대 하,Friday,0.1
2026-05-08,5.0,마지막에 울면서 나왔어요,마지막 울 나오,Friday,0.0
2026-05-07,5.0,재밌고 슬프고 연기도 좋아요,재밌 슬프 연기 좋,Thursday,0.1723913863524582
2026-05-07,5.0,마지막이... 좀 아쉽네요... 실화이지만... 많이 아쉽고 슬풉니다,마지막 아쉽 실화 많이 아쉽 슬 풀,Thursday,0.0
2026-05-07,5.0,어머니와 함께 웃으면서 울면서 잘 봤습니다,어머니 함께 웃 울 잘 보,Thursday,0.0
2026-05-07,4.0,조연들 활약이 좋네요,조연 활약 좋,Thursday,0.0
2026-05-07,5.0,역사고증 이외 관점으로 보면 감동적임,역사 고증 이외 관점 보 감동,Thursday,0.14136376323528405
2026-05-06,5.0,넘재밋어여역시천만영화,넘재밋어여 역시 천만 영화,Wednesday,0.1
2026-05-06,5.0,"엄흥도ㅠㅠㅠㅠ너무 슬프잖아요,, 단종도 뭔가 지키려고하는 것 같은 모습,,박지훈이 너무 잘생겼어요",엄흥 슬프 단종 뭐 지키 하 같 모습 박 지훈 잘 생기,Wednesday,0.14139311734457075
2026-05-06,5.0,최근 유일하게 N차 관람이요👍,최근 유일 차 관람,Wednesday,0.0
2026-05-06,5.0,재미있게 보았습니다.,재미있 보,Wednesday,0.0
2026-05-06,5.0,너무 잘 보고 나왔습니다.,잘 보 나오,Wednesday,0.0
2026-05-05,5.0,재관람입니다 더 재미나네요,재 관람 재미나,Tuesday,0.0
2026-05-05,4.0,대중성 짙은 천만 영화. 배우들의 연기도 정말 좋았다.,대중 짙 천만 영화 배우 연기 좋,Tuesday,0.17283839166374562
2026-05-05,5.0,단종에 대한 애잔함 천만의 마음을 울린거 같아요. 뭉클하게 잘 봤습니다.,단종 대하 애잔 천만 마음 울리 같 뭉클 잘 보,Tuesday,0.1
2026-05-05,5.0,배우들의 연기가 너무 좋았어요. 그리구 박지훈배우의 눈물연기가 넘 좋았어요,배우 연기 좋 그리구 박지훈 배우 눈물 연기 넘 좋,Tuesday,0.17000959997309378
2026-05-05,4.0,한명회 이 나쁜자식,한명회 나쁘 자식,Tuesday,0.0
2026-05-05,5.0,배우들의 연기에 울고 웃으며 푹 빠졌었습니다. 아이들과 함께 정말 모처럼 즐거운 영화 한 편 늘 만났네요. 추천합니다! 별 다섯개!,배우 연기 울 웃 푹 빠지 아이 함께 모처럼 즐겁 영화 편 늘 만나 추천 별 다섯 개,Tuesday,0.17283839166374562
2026-05-05,5.0,단종 사랑해 죽지마,단종 사랑 죽 말,Tuesday,0.1
2026-05-05,5.0,안타까운 역사 보기 괜찮은 영화,안타깝 역사 보 괜찮 영화,Tuesday,0.13885660499334512
2026-05-05,4.0,소문난 잔치엔 먹을게 딱히 없긴하드라,소문나 잔치 ᆫ 먹 딱히 없 하,Tuesday,0.0
2026-05-05,5.0,"우리나라 1, 2등은 명량과 영사님. 대 단 하 다!",우리나라 명량 영사 대 단 하,Tuesday,0.0
2026-05-05,5.0,정말 기대 이상 재미있습니다,기대 이상 재미있,Tuesday,0.0
2026-05-05,5.0,너무너무 감동입니다,너무너무 감동,Tuesday,0.1
2026-05-05,5.0,역사에 대해 한번더 관심을 가지게되는 계기가 되었네요 재밌었습니다,역사 대하 번 관심 가지 되 계기 되 재밌,Tuesday,0.14142033299172524
2026-05-05,4.0,아쉽지만 그래도 잘 만든영화,아쉽 그래도 잘 만들 영화,Tuesday,0.1
2026-05-05,5.0,배우들의 열연에 눈물을 흘리지 않을 수가 없네요,배우 열연 눈물 흘리 않 없,Tuesday,0.14037056049135316
2026-05-05,3.0,그냥 그저 그랬음 기대이하,그냥 그저 그렇 기대 이하,Tuesday,0.0
2026-05-05,5.0,재미있어요 재미있어요,재미있 재미있,Tuesday,0.0
2026-05-05,5.0,과거의 이야기를 흥미롭게 봄,과거 이야기 흥미 롭 보,Tuesday,0.0
2026-05-05,5.0,너무 슬프고 감명깊게봤습니다,슬프 감명 깊 보,Tuesday,0.1
